Date,asset,Label,Value,Label,Size
2025-01-01,Gold,Price move year-to-date,0,0%,10
2025-01-01,Gold,max,0,,0
2025-01-01,Gold,min,0,,0
2025-01-01,European Stocks,Price move year-to-date,0,0%,10
2025-01-01,European Stocks,max,0,,0
2025-01-01,European Stocks,min,0,,0
2025-01-01,China Large Cap Stocks,Price move year-to-date,0,0%,10
2025-01-01,China Large Cap Stocks,max,0,,0
2025-01-01,China Large Cap Stocks,min,0,,0
2025-01-01,Bitcoin,Price move year-to-date,0,0%,10
2025-01-01,Bitcoin,max,0,,0
2025-01-01,Bitcoin,min,0,,0
2025-01-01,Emerging Market Stocks,Price move year-to-date,0,0%,10
2025-01-01,Emerging Market Stocks,max,0,,0
2025-01-01,Emerging Market Stocks,min,0,,0
2025-01-01,US 10-year Bonds,Price move year-to-date,0,0%,10
2025-01-01,US 10-year Bonds,max,0,,0
2025-01-01,US 10-year Bonds,min,0,,0
2025-01-01,Nvidia,Price move year-to-date,0,0%,10
2025-01-01,Nvidia,max,0,,0
2025-01-01,Nvidia,min,0,,0
2025-01-01,US Large Cap Stocks,Price move year-to-date,0,0%,10
2025-01-01,US Large Cap Stocks,max,0,,0
2025-01-01,US Large Cap Stocks,min,0,,0
2025-01-01,US dollar,Price move year-to-date,0,0%,10
2025-01-01,US dollar,max,0,,0
2025-01-01,US dollar,min,0,,0
2025-01-01,US Small Cap Stocks,Price move year-to-date,0,0%,10
2025-01-01,US Small Cap Stocks,max,0,,0
2025-01-01,US Small Cap Stocks,min,0,,0
2025-01-01,Tesla,Price move year-to-date,0,0%,10
2025-01-01,Tesla,max,0,,0
2025-01-01,Tesla,min,0,,0
2025-01-01,Crude Oil,Price move year-to-date,0,0%,10
2025-01-01,Crude Oil,max,0,,0
2025-01-01,Crude Oil,min,0,,0
2025-01-02,Gold,Price move year-to-date,0.01358774212,1.40%,10
2025-01-02,Gold,max,0.01358774212,,0
2025-01-02,Gold,min,0,,0
2025-01-02,European Stocks,Price move year-to-date,-0.004411533008,-0.40%,10
2025-01-02,European Stocks,max,0,,0
2025-01-02,European Stocks,min,-0.004411533008,,0
2025-01-02,China Large Cap Stocks,Price move year-to-date,-0.01806833114,-1.80%,10
2025-01-02,China Large Cap Stocks,max,0,,0
2025-01-02,China Large Cap Stocks,min,-0.01806833114,,0
2025-01-02,Bitcoin,Price move year-to-date,0.03528413108,3.50%,10
2025-01-02,Bitcoin,max,0.03528413108,,0
2025-01-02,Bitcoin,min,0,,0
2025-01-02,Emerging Market Stocks,Price move year-to-date,-0.00143472023,-0.10%,10
2025-01-02,Emerging Market Stocks,max,0,,0
2025-01-02,Emerging Market Stocks,min,-0.00143472023,,0
2025-01-02,US 10-year Bonds,Price move year-to-date,0.0005408328826,0.10%,10
2025-01-02,US 10-year Bonds,max,0.0005408328826,,0
2025-01-02,US 10-year Bonds,min,0,,0
2025-01-02,Nvidia,Price move year-to-date,0.02993521483,3%,10
2025-01-02,Nvidia,max,0.02993521483,,0
2025-01-02,Nvidia,min,0,,0
2025-01-02,US Large Cap Stocks,Price move year-to-date,-0.002223873314,-0.20%,10
2025-01-02,US Large Cap Stocks,max,0,,0
2025-01-02,US Large Cap Stocks,min,-0.002223873314,,0
2025-01-02,US dollar,Price move year-to-date,0.008497620666,0.80%,10
2025-01-02,US dollar,max,0.008497620666,,0
2025-01-02,US dollar,min,0,,0
2025-01-02,US Small Cap Stocks,Price move year-to-date,0.0008146270818,0.10%,10
2025-01-02,US Small Cap Stocks,max,0.0008146270818,,0
2025-01-02,US Small Cap Stocks,min,0,,0
2025-01-02,Tesla,Price move year-to-date,-0.06081616482,-6.10%,10
2025-01-02,Tesla,max,0,,0
2025-01-02,Tesla,min,-0.06081616482,,0
2025-01-02,Crude Oil,Price move year-to-date,0.01965978806,2%,10
2025-01-02,Crude Oil,max,0.01965978806,,0
2025-01-02,Crude Oil,min,0,,0
2025-01-03,Gold,Price move year-to-date,0.005616817412,0.60%,10
2025-01-03,Gold,max,0.01358774212,,0
2025-01-03,Gold,min,0,,0
2025-01-03,European Stocks,Price move year-to-date,-0.0003151095006,0%,10
2025-01-03,European Stocks,max,0,,0
2025-01-03,European Stocks,min,-0.004411533008,,0
2025-01-03,China Large Cap Stocks,Price move year-to-date,-0.001642575558,-0.20%,10
2025-01-03,China Large Cap Stocks,max,0,,0
2025-01-03,China Large Cap Stocks,min,-0.01806833114,,0
2025-01-03,Bitcoin,Price move year-to-date,0.04708198672,4.70%,10
2025-01-03,Bitcoin,max,0.04708198672,,0
2025-01-03,Bitcoin,min,0,,0
2025-01-03,Emerging Market Stocks,Price move year-to-date,0.007890961263,0.80%,10
2025-01-03,Emerging Market Stocks,max,0.007890961263,,0
2025-01-03,Emerging Market Stocks,min,-0.00143472023,,0
2025-01-03,US 10-year Bonds,Price move year-to-date,-0.001081665765,-0.10%,10
2025-01-03,US 10-year Bonds,max,0.0005408328826,,0
2025-01-03,US 10-year Bonds,min,-0.001081665765,,0
2025-01-03,Nvidia,Price move year-to-date,0.07580609129,7.60%,10
2025-01-03,Nvidia,max,0.07580609129,,0
2025-01-03,Nvidia,min,0,,0
2025-01-03,US Large Cap Stocks,Price move year-to-date,0.01034407129,1%,10
2025-01-03,US Large Cap Stocks,max,0.01034407129,,0
2025-01-03,US Large Cap Stocks,min,-0.002223873314,,0
2025-01-03,US dollar,Price move year-to-date,0.005438477226,0.50%,10
2025-01-03,US dollar,max,0.008497620666,,0
2025-01-03,US dollar,min,0,,0
2025-01-03,US Small Cap Stocks,Price move year-to-date,0.01570419986,1.60%,10
2025-01-03,US Small Cap Stocks,max,0.01570419986,,0
2025-01-03,US Small Cap Stocks,min,0,,0
2025-01-03,Tesla,Price move year-to-date,0.01634310618,1.60%,10
2025-01-03,Tesla,max,0.01634310618,,0
2025-01-03,Tesla,min,-0.06081616482,,0
2025-01-03,Crude Oil,Price move year-to-date,0.03123257111,3.10%,10
2025-01-03,Crude Oil,max,0.03123257111,,0
2025-01-03,Crude Oil,min,0,,0
2025-01-06,Gold,Price move year-to-date,0.004377813571,0.40%,10
2025-01-06,Gold,max,0.01358774212,,0
2025-01-06,Gold,min,0,,0
2025-01-06,European Stocks,Price move year-to-date,0.01323459902,1.30%,10
2025-01-06,European Stocks,max,0.01323459902,,0
2025-01-06,European Stocks,min,-0.004411533008,,0
2025-01-06,China Large Cap Stocks,Price move year-to-date,-0.01478318003,-1.50%,10
2025-01-06,China Large Cap Stocks,max,0,,0
2025-01-06,China Large Cap Stocks,min,-0.01806833114,,0
2025-01-06,Bitcoin,Price move year-to-date,0.07622374663,7.60%,10
2025-01-06,Bitcoin,max,0.07622374663,,0
2025-01-06,Bitcoin,min,0,,0
2025-01-06,Emerging Market Stocks,Price move year-to-date,0.01147776184,1.10%,10
2025-01-06,Emerging Market Stocks,max,0.01147776184,,0
2025-01-06,Emerging Market Stocks,min,-0.00143472023,,0
2025-01-06,US 10-year Bonds,Price move year-to-date,-0.002055164954,-0.20%,10
2025-01-06,US 10-year Bonds,max,0.0005408328826,,0
2025-01-06,US 10-year Bonds,min,-0.002055164954,,0
2025-01-06,Nvidia,Price move year-to-date,0.1127410827,11.30%,10
2025-01-06,Nvidia,max,0.1127410827,,0
2025-01-06,Nvidia,min,0,,0
2025-01-06,US Large Cap Stocks,Price move year-to-date,0.01593945896,1.60%,10
2025-01-06,US Large Cap Stocks,max,0.01593945896,,0
2025-01-06,US Large Cap Stocks,min,-0.002223873314,,0
2025-01-06,US dollar,Price move year-to-date,-0.00101971448,-0.10%,10
2025-01-06,US dollar,max,0.008497620666,,0
2025-01-06,US dollar,min,-0.00101971448,,0
2025-01-06,US Small Cap Stocks,Price move year-to-date,0.0161115134,1.60%,10
2025-01-06,US Small Cap Stocks,max,0.0161115134,,0
2025-01-06,US Small Cap Stocks,min,0,,0
2025-01-06,Tesla,Price move year-to-date,0.01785360539,1.80%,10
2025-01-06,Tesla,max,0.01785360539,,0
2025-01-06,Tesla,min,-0.06081616482,,0
2025-01-06,Crude Oil,Price move year-to-date,0.02565532627,2.60%,10
2025-01-06,Crude Oil,max,0.03123257111,,0
2025-01-06,Crude Oil,min,0,,0
2025-01-07,Gold,Price move year-to-date,0.01003593111,1%,10
2025-01-07,Gold,max,0.01358774212,,0
2025-01-07,Gold,min,0,,0
2025-01-07,European Stocks,Price move year-to-date,0.01323459902,1.30%,10
2025-01-07,European Stocks,max,0.01323459902,,0
2025-01-07,European Stocks,min,-0.004411533008,,0
2025-01-07,China Large Cap Stocks,Price move year-to-date,-0.02693823916,-2.70%,10
2025-01-07,China Large Cap Stocks,max,0,,0
2025-01-07,China Large Cap Stocks,min,-0.02693823916,,0
2025-01-07,Bitcoin,Price move year-to-date,0.1011887591,10.10%,10
2025-01-07,Bitcoin,max,0.1011887591,,0
2025-01-07,Bitcoin,min,0,,0
2025-01-07,Emerging Market Stocks,Price move year-to-date,0.004304160689,0.40%,10
2025-01-07,Emerging Market Stocks,max,0.01147776184,,0
2025-01-07,Emerging Market Stocks,min,-0.00143472023,,0
2025-01-07,US 10-year Bonds,Price move year-to-date,-0.006598161168,-0.70%,10
2025-01-07,US 10-year Bonds,max,0.0005408328826,,0
2025-01-07,US 10-year Bonds,min,-0.006598161168,,0
2025-01-07,Nvidia,Price move year-to-date,0.0435624395,4.40%,10
2025-01-07,Nvidia,max,0.1127410827,,0
2025-01-07,Nvidia,min,0,,0
2025-01-07,US Large Cap Stocks,Price move year-to-date,0.004658572539,0.50%,10
2025-01-07,US Large Cap Stocks,max,0.01593945896,,0
2025-01-07,US Large Cap Stocks,min,-0.002223873314,,0
2025-01-07,US dollar,Price move year-to-date,0.002719238613,0.30%,10
2025-01-07,US dollar,max,0.008497620666,,0
2025-01-07,US dollar,min,-0.00101971448,,0
2025-01-07,US Small Cap Stocks,Price move year-to-date,0.007965242578,0.80%,10
2025-01-07,US Small Cap Stocks,max,0.0161115134,,0
2025-01-07,US Small Cap Stocks,min,0,,0
2025-01-07,Tesla,Price move year-to-date,-0.02347464342,-2.30%,10
2025-01-07,Tesla,max,0.01785360539,,0
2025-01-07,Tesla,min,-0.06081616482,,0
2025-01-07,Crude Oil,Price move year-to-date,0.03527607362,3.50%,10
2025-01-07,Crude Oil,max,0.03527607362,,0
2025-01-07,Crude Oil,min,0,,0
2025-01-08,Gold,Price move year-to-date,0.01540494776,1.50%,10
2025-01-08,Gold,max,0.01540494776,,0
2025-01-08,Gold,min,0,,0
2025-01-08,European Stocks,Price move year-to-date,0.009295730266,0.90%,10
2025-01-08,European Stocks,max,0.01323459902,,0
2025-01-08,European Stocks,min,-0.004411533008,,0
2025-01-08,China Large Cap Stocks,Price move year-to-date,-0.03055190539,-3.10%,10
2025-01-08,China Large Cap Stocks,max,0,,0
2025-01-08,China Large Cap Stocks,min,-0.03055190539,,0
2025-01-08,Bitcoin,Price move year-to-date,0.04233987484,4.20%,10
2025-01-08,Bitcoin,max,0.1011887591,,0
2025-01-08,Bitcoin,min,0,,0
2025-01-08,Emerging Market Stocks,Price move year-to-date,-0.0004782400765,0%,10
2025-01-08,Emerging Market Stocks,max,0.01147776184,,0
2025-01-08,Emerging Market Stocks,min,-0.00143472023,,0
2025-01-08,US 10-year Bonds,Price move year-to-date,-0.004867495944,-0.50%,10
2025-01-08,US 10-year Bonds,max,0.0005408328826,,0
2025-01-08,US 10-year Bonds,min,-0.006598161168,,0
2025-01-08,Nvidia,Price move year-to-date,0.04333904237,4.30%,10
2025-01-08,Nvidia,max,0.1127410827,,0
2025-01-08,Nvidia,min,0,,0
2025-01-08,US Large Cap Stocks,Price move year-to-date,0.006226165196,0.60%,10
2025-01-08,US Large Cap Stocks,max,0.01593945896,,0
2025-01-08,US Large Cap Stocks,min,-0.002223873314,,0
2025-01-08,US dollar,Price move year-to-date,0.006458191706,0.60%,10
2025-01-08,US dollar,max,0.008497620666,,0
2025-01-08,US dollar,min,-0.00101971448,,0
2025-01-08,US Small Cap Stocks,Price move year-to-date,0.003394279508,0.30%,10
2025-01-08,US Small Cap Stocks,max,0.0161115134,,0
2025-01-08,US Small Cap Stocks,min,0,,0
2025-01-08,Tesla,Price move year-to-date,-0.02203843106,-2.20%,10
2025-01-08,Tesla,max,0.01785360539,,0
2025-01-08,Tesla,min,-0.06081616482,,0
2025-01-08,Crude Oil,Price move year-to-date,0.0132459565,1.30%,10
2025-01-08,Crude Oil,max,0.03527607362,,0
2025-01-08,Crude Oil,min,0,,0
2025-01-10,Gold,Price move year-to-date,0.02511047784,2.50%,10
2025-01-10,Gold,max,0.02511047784,,0
2025-01-10,Gold,min,0,,0
2025-01-10,European Stocks,Price move year-to-date,-0.001102883252,-0.10%,10
2025-01-10,European Stocks,max,0.01323459902,,0
2025-01-10,European Stocks,min,-0.004411533008,,0
2025-01-10,China Large Cap Stocks,Price move year-to-date,-0.05880420499,-5.90%,10
2025-01-10,China Large Cap Stocks,max,0,,0
2025-01-10,China Large Cap Stocks,min,-0.05880420499,,0
2025-01-10,Bitcoin,Price move year-to-date,0.01589125432,1.60%,10
2025-01-10,Bitcoin,max,0.1011887591,,0
2025-01-10,Bitcoin,min,0,,0
2025-01-10,Emerging Market Stocks,Price move year-to-date,-0.01745576279,-1.70%,10
2025-01-10,Emerging Market Stocks,max,0.01147776184,,0
2025-01-10,Emerging Market Stocks,min,-0.01745576279,,0
2025-01-10,US 10-year Bonds,Price move year-to-date,-0.01211465657,-1.20%,10
2025-01-10,US 10-year Bonds,max,0.0005408328826,,0
2025-01-10,US 10-year Bonds,min,-0.01211465657,,0
2025-01-10,Nvidia,Price move year-to-date,0.01206344478,1.20%,10
2025-01-10,Nvidia,max,0.1127410827,,0
2025-01-10,Nvidia,min,0,,0
2025-01-10,US Large Cap Stocks,Price move year-to-date,-0.009281440689,-0.90%,10
2025-01-10,US Large Cap Stocks,max,0.01593945896,,0
2025-01-10,US Large Cap Stocks,min,-0.009281440689,,0
2025-01-10,US dollar,Price move year-to-date,0.01155676411,1.20%,10
2025-01-10,US dollar,max,0.01155676411,,0
2025-01-10,US dollar,min,-0.00101971448,,0
2025-01-10,US Small Cap Stocks,Price move year-to-date,-0.01869116582,-1.90%,10
2025-01-10,US Small Cap Stocks,max,0.0161115134,,0
2025-01-10,US Small Cap Stocks,min,-0.01869116582,,0
2025-01-10,Tesla,Price move year-to-date,-0.0225336767,-2.30%,10
2025-01-10,Tesla,max,0.01785360539,,0
2025-01-10,Tesla,min,-0.06081616482,,0
2025-01-10,Crude Oil,Price move year-to-date,0.05619074177,5.60%,10
2025-01-10,Crude Oil,max,0.05619074177,,0
2025-01-10,Crude Oil,min,0,,0
2025-01-13,Gold,Price move year-to-date,0.01490934622,1.50%,10
2025-01-13,Gold,max,0.02511047784,,0
2025-01-13,Gold,min,0,,0
2025-01-13,European Stocks,Price move year-to-date,-0.006302190011,-0.60%,10
2025-01-13,European Stocks,max,0.01323459902,,0
2025-01-13,European Stocks,min,-0.006302190011,,0
2025-01-13,China Large Cap Stocks,Price move year-to-date,-0.05420499343,-5.40%,10
2025-01-13,China Large Cap Stocks,max,0,,0
2025-01-13,China Large Cap Stocks,min,-0.05880420499,,0
2025-01-13,Bitcoin,Price move year-to-date,0.02355663478,2.40%,10
2025-01-13,Bitcoin,max,0.1011887591,,0
2025-01-13,Bitcoin,min,0,,0
2025-01-13,Emerging Market Stocks,Price move year-to-date,-0.02415112386,-2.40%,10
2025-01-13,Emerging Market Stocks,max,0.01147776184,,0
2025-01-13,Emerging Market Stocks,min,-0.02415112386,,0
2025-01-13,US 10-year Bonds,Price move year-to-date,-0.0138453218,-1.40%,10
2025-01-13,US 10-year Bonds,max,0.0005408328826,,0
2025-01-13,US 10-year Bonds,min,-0.0138453218,,0
2025-01-13,Nvidia,Price move year-to-date,-0.007893365105,-0.80%,10
2025-01-13,Nvidia,max,0.1127410827,,0
2025-01-13,Nvidia,min,-0.007893365105,,0
2025-01-13,US Large Cap Stocks,Price move year-to-date,-0.007720648868,-0.80%,10
2025-01-13,US Large Cap Stocks,max,0.01593945896,,0
2025-01-13,US Large Cap Stocks,min,-0.009281440689,,0
2025-01-13,US dollar,Price move year-to-date,0.01461590755,1.50%,10
2025-01-13,US dollar,max,0.01461590755,,0
2025-01-13,US dollar,min,-0.00101971448,,0
2025-01-13,US Small Cap Stocks,Price move year-to-date,-0.0167903693,-1.70%,10
2025-01-13,US Small Cap Stocks,max,0.0161115134,,0
2025-01-13,US Small Cap Stocks,min,-0.01869116582,,0
2025-01-13,Tesla,Price move year-to-date,-0.001312400951,-0.10%,10
2025-01-13,Tesla,max,0.01785360539,,0
2025-01-13,Tesla,min,-0.06081616482,,0
2025-01-13,Crude Oil,Price move year-to-date,0.07780256553,7.80%,10
2025-01-13,Crude Oil,max,0.07780256553,,0
2025-01-13,Crude Oil,min,0,,0
2025-01-14,Gold,Price move year-to-date,0.02023706273,2%,10
2025-01-14,Gold,max,0.02511047784,,0
2025-01-14,Gold,min,0,,0
2025-01-14,European Stocks,Price move year-to-date,-0.001733102253,-0.20%,10
2025-01-14,European Stocks,max,0.01323459902,,0
2025-01-14,European Stocks,min,-0.006302190011,,0
2025-01-14,China Large Cap Stocks,Price move year-to-date,-0.03350854139,-3.40%,10
2025-01-14,China Large Cap Stocks,max,0,,0
2025-01-14,China Large Cap Stocks,min,-0.05880420499,,0
2025-01-14,Bitcoin,Price move year-to-date,0.02940890894,2.90%,10
2025-01-14,Bitcoin,max,0.1011887591,,0
2025-01-14,Bitcoin,min,0,,0
2025-01-14,Emerging Market Stocks,Price move year-to-date,-0.0131516021,-1.30%,10
2025-01-14,Emerging Market Stocks,max,0.01147776184,,0
2025-01-14,Emerging Market Stocks,min,-0.02415112386,,0
2025-01-14,US 10-year Bonds,Price move year-to-date,-0.01352082207,-1.40%,10
2025-01-14,US 10-year Bonds,max,0.0005408328826,,0
2025-01-14,US 10-year Bonds,min,-0.0138453218,,0
2025-01-14,Nvidia,Price move year-to-date,-0.01883982426,-1.90%,10
2025-01-14,Nvidia,max,0.1127410827,,0
2025-01-14,Nvidia,min,-0.01883982426,,0
2025-01-14,US Large Cap Stocks,Price move year-to-date,-0.006583209076,-0.70%,10
2025-01-14,US Large Cap Stocks,max,0.01593945896,,0
2025-01-14,US Large Cap Stocks,min,-0.009281440689,,0
2025-01-14,US dollar,Price move year-to-date,0.00815771584,0.80%,10
2025-01-14,US dollar,max,0.01461590755,,0
2025-01-14,US dollar,min,-0.00101971448,,0
2025-01-14,US Small Cap Stocks,Price move year-to-date,-0.005611875453,-0.60%,10
2025-01-14,US Small Cap Stocks,max,0.0161115134,,0
2025-01-14,US Small Cap Stocks,min,-0.01869116582,,0
2025-01-14,Tesla,Price move year-to-date,-0.018522187,-1.90%,10
2025-01-14,Tesla,max,0.01785360539,,0
2025-01-14,Tesla,min,-0.06081616482,,0
2025-01-14,Crude Oil,Price move year-to-date,0.06483547128,6.50%,10
2025-01-14,Crude Oil,max,0.07780256553,,0
2025-01-14,Crude Oil,min,0,,0
2025-01-15,Gold,Price move year-to-date,0.02787758642,2.80%,10
2025-01-15,Gold,max,0.02787758642,,0
2025-01-15,Gold,min,0,,0
2025-01-15,European Stocks,Price move year-to-date,0.01118638727,1.10%,10
2025-01-15,European Stocks,max,0.01323459902,,0
2025-01-15,European Stocks,min,-0.006302190011,,0
2025-01-15,China Large Cap Stocks,Price move year-to-date,-0.02036793693,-2%,10
2025-01-15,China Large Cap Stocks,max,0,,0
2025-01-15,China Large Cap Stocks,min,-0.05880420499,,0
2025-01-15,Bitcoin,Price move year-to-date,0.05189077761,5.20%,10
2025-01-15,Bitcoin,max,0.1011887591,,0
2025-01-15,Bitcoin,min,0,,0
2025-01-15,Emerging Market Stocks,Price move year-to-date,-0.0002391200383,0%,10
2025-01-15,Emerging Market Stocks,max,0.01147776184,,0
2025-01-15,Emerging Market Stocks,min,-0.02415112386,,0
2025-01-15,US 10-year Bonds,Price move year-to-date,-0.003136830719,-0.30%,10
2025-01-15,US 10-year Bonds,max,0.0005408328826,,0
2025-01-15,US 10-year Bonds,min,-0.0138453218,,0
2025-01-15,Nvidia,Price move year-to-date,0.01452081317,1.50%,10
2025-01-15,Nvidia,max,0.1127410827,,0
2025-01-15,Nvidia,min,-0.01883982426,,0
2025-01-15,US Large Cap Stocks,Price move year-to-date,0.01160902675,1.20%,10
2025-01-15,US Large Cap Stocks,max,0.01593945896,,0
2025-01-15,US Large Cap Stocks,min,-0.009281440689,,0
2025-01-15,US dollar,Price move year-to-date,0.006458191706,0.60%,10
2025-01-15,US dollar,max,0.01461590755,,0
2025-01-15,US dollar,min,-0.00101971448,,0
2025-01-15,US Small Cap Stocks,Price move year-to-date,0.01393917451,1.40%,10
2025-01-15,US Small Cap Stocks,max,0.0161115134,,0
2025-01-15,US Small Cap Stocks,min,-0.01869116582,,0
2025-01-15,Tesla,Price move year-to-date,0.06037044374,6%,10
2025-01-15,Tesla,max,0.06037044374,,0
2025-01-15,Tesla,min,-0.06081616482,,0
2025-01-15,Crude Oil,Price move year-to-date,0.0974623536,9.70%,10
2025-01-15,Crude Oil,max,0.0974623536,,0
2025-01-15,Crude Oil,min,0,,0
2025-01-16,Gold,Price move year-to-date,0.03498120844,3.50%,10
2025-01-16,Gold,max,0.03498120844,,0
2025-01-16,Gold,min,0,,0
2025-01-16,European Stocks,Price move year-to-date,0.01985189853,2%,10
2025-01-16,European Stocks,max,0.01985189853,,0
2025-01-16,European Stocks,min,-0.006302190011,,0
2025-01-16,China Large Cap Stocks,Price move year-to-date,-0.02003942181,-2%,10
2025-01-16,China Large Cap Stocks,max,0,,0
2025-01-16,China Large Cap Stocks,min,-0.05880420499,,0
2025-01-16,Bitcoin,Price move year-to-date,0.07787253679,7.80%,10
2025-01-16,Bitcoin,max,0.1011887591,,0
2025-01-16,Bitcoin,min,0,,0
2025-01-16,Emerging Market Stocks,Price move year-to-date,-0.00143472023,-0.10%,10
2025-01-16,Emerging Market Stocks,max,0.01147776184,,0
2025-01-16,Emerging Market Stocks,min,-0.02415112386,,0
2025-01-16,US 10-year Bonds,Price move year-to-date,-0.0007571660357,-0.10%,10
2025-01-16,US 10-year Bonds,max,0.0005408328826,,0
2025-01-16,US 10-year Bonds,min,-0.0138453218,,0
2025-01-16,Nvidia,Price move year-to-date,-0.005361531015,-0.50%,10
2025-01-16,Nvidia,max,0.1127410827,,0
2025-01-16,Nvidia,min,-0.01883982426,,0
2025-01-16,US Large Cap Stocks,Price move year-to-date,0.009471864092,0.90%,10
2025-01-16,US Large Cap Stocks,max,0.01593945896,,0
2025-01-16,US Large Cap Stocks,min,-0.009281440689,,0
2025-01-16,US dollar,Price move year-to-date,0.006458191706,0.60%,10
2025-01-16,US dollar,max,0.01461590755,,0
2025-01-16,US dollar,min,-0.00101971448,,0
2025-01-16,US Small Cap Stocks,Price move year-to-date,0.01597574222,1.60%,10
2025-01-16,US Small Cap Stocks,max,0.0161115134,,0
2025-01-16,US Small Cap Stocks,min,-0.01869116582,,0
2025-01-16,Tesla,Price move year-to-date,0.02471275753,2.50%,10
2025-01-16,Tesla,max,0.06037044374,,0
2025-01-16,Tesla,min,-0.06081616482,,0
2025-01-16,Crude Oil,Price move year-to-date,0.08547127719,8.50%,10
2025-01-16,Crude Oil,max,0.0974623536,,0
2025-01-16,Crude Oil,min,0,,0
2025-01-17,Gold,Price move year-to-date,0.02948829141,2.90%,10
2025-01-17,Gold,max,0.03498120844,,0
2025-01-17,Gold,min,0,,0
2025-01-17,European Stocks,Price move year-to-date,0.02520876004,2.50%,10
2025-01-17,European Stocks,max,0.02520876004,,0
2025-01-17,European Stocks,min,-0.006302190011,,0
2025-01-17,China Large Cap Stocks,Price move year-to-date,-0.0009855453351,-0.10%,10
2025-01-17,China Large Cap Stocks,max,0,,0
2025-01-17,China Large Cap Stocks,min,-0.05880420499,,0
2025-01-17,Bitcoin,Price move year-to-date,0.09775089305,9.80%,10
2025-01-17,Bitcoin,max,0.1011887591,,0
2025-01-17,Bitcoin,min,0,,0
2025-01-17,Emerging Market Stocks,Price move year-to-date,0.006456241033,0.60%,10
2025-01-17,Emerging Market Stocks,max,0.01147776184,,0
2025-01-17,Emerging Market Stocks,min,-0.02415112386,,0
2025-01-17,US 10-year Bonds,Price move year-to-date,0,0%,10
2025-01-17,US 10-year Bonds,max,0.0005408328826,,0
2025-01-17,US 10-year Bonds,min,-0.0138453218,,0
2025-01-17,Nvidia,Price move year-to-date,0.02546727232,2.50%,10
2025-01-17,Nvidia,max,0.1127410827,,0
2025-01-17,Nvidia,min,-0.01883982426,,0
2025-01-17,US Large Cap Stocks,Price move year-to-date,0.01955750362,2%,10
2025-01-17,US Large Cap Stocks,max,0.01955750362,,0
2025-01-17,US Large Cap Stocks,min,-0.009281440689,,0
2025-01-17,US dollar,Price move year-to-date,0.0101971448,1%,10
2025-01-17,US dollar,max,0.01461590755,,0
2025-01-17,US dollar,min,-0.00101971448,,0
2025-01-17,US Small Cap Stocks,Price move year-to-date,0.02036567705,2%,10
2025-01-17,US Small Cap Stocks,max,0.02036567705,,0
2025-01-17,US Small Cap Stocks,min,-0.01869116582,,0
2025-01-17,Tesla,Price move year-to-date,0.05611133122,5.60%,10
2025-01-17,Tesla,max,0.06037044374,,0
2025-01-17,Tesla,min,-0.06081616482,,0
2025-01-17,Crude Oil,Price move year-to-date,0.07905744562,7.90%,10
2025-01-17,Crude Oil,max,0.0974623536,,0
2025-01-17,Crude Oil,min,0,,0
2025-01-21,Gold,Price move year-to-date,0.04543014083,4.50%,10
2025-01-21,Gold,max,0.04543014083,,0
2025-01-21,Gold,min,0,,0
2025-01-21,European Stocks,Price move year-to-date,0.04884197259,4.90%,10
2025-01-21,European Stocks,max,0.04884197259,,0
2025-01-21,European Stocks,min,-0.006302190011,,0
2025-01-21,China Large Cap Stocks,Price move year-to-date,0.01018396846,1%,10
2025-01-21,China Large Cap Stocks,max,0.01018396846,,0
2025-01-21,China Large Cap Stocks,min,-0.05880420499,,0
2025-01-21,Bitcoin,Price move year-to-date,0.1063120021,10.60%,10
2025-01-21,Bitcoin,max,0.1063120021,,0
2025-01-21,Bitcoin,min,0,,0
2025-01-21,Emerging Market Stocks,Price move year-to-date,0.01721664275,1.70%,10
2025-01-21,Emerging Market Stocks,max,0.01721664275,,0
2025-01-21,Emerging Market Stocks,min,-0.02415112386,,0
2025-01-21,US 10-year Bonds,Price move year-to-date,0.003353163872,0.30%,10
2025-01-21,US 10-year Bonds,max,0.003353163872,,0
2025-01-21,US 10-year Bonds,min,-0.0138453218,,0
2025-01-21,Nvidia,Price move year-to-date,0.04870057339,4.90%,10
2025-01-21,Nvidia,max,0.1127410827,,0
2025-01-21,Nvidia,min,-0.01883982426,,0
2025-01-21,US Large Cap Stocks,Price move year-to-date,0.02849720231,2.80%,10
2025-01-21,US Large Cap Stocks,max,0.02849720231,,0
2025-01-21,US Large Cap Stocks,min,-0.009281440689,,0
2025-01-21,US dollar,Price move year-to-date,-0.002719238613,-0.30%,10
2025-01-21,US dollar,max,0.01461590755,,0
2025-01-21,US dollar,min,-0.002719238613,,0
2025-01-21,US Small Cap Stocks,Price move year-to-date,0.03996198407,4%,10
2025-01-21,US Small Cap Stocks,max,0.03996198407,,0
2025-01-21,US Small Cap Stocks,min,-0.01869116582,,0
2025-01-21,Tesla,Price move year-to-date,0.05009409667,5%,10
2025-01-21,Tesla,max,0.06037044374,,0
2025-01-21,Tesla,min,-0.06081616482,,0
2025-01-21,Crude Oil,Price move year-to-date,0.05730619074,5.70%,10
2025-01-21,Crude Oil,max,0.0974623536,,0
2025-01-21,Crude Oil,min,0,,0
2025-01-22,Gold,Price move year-to-date,0.05079915748,5.10%,10
2025-01-22,Gold,max,0.05079915748,,0
2025-01-22,Gold,min,0,,0
2025-01-22,European Stocks,Price move year-to-date,0.04647865133,4.60%,10
2025-01-22,European Stocks,max,0.04884197259,,0
2025-01-22,European Stocks,min,-0.006302190011,,0
2025-01-22,China Large Cap Stocks,Price move year-to-date,0.002956636005,0.30%,10
2025-01-22,China Large Cap Stocks,max,0.01018396846,,0
2025-01-22,China Large Cap Stocks,min,-0.05880420499,,0
2025-01-22,Bitcoin,Price move year-to-date,0.1426293332,14.30%,10
2025-01-22,Bitcoin,max,0.1426293332,,0
2025-01-22,Bitcoin,min,0,,0
2025-01-22,Emerging Market Stocks,Price move year-to-date,0.01793400287,1.80%,10
2025-01-22,Emerging Market Stocks,max,0.01793400287,,0
2025-01-22,Emerging Market Stocks,min,-0.02415112386,,0
2025-01-22,US 10-year Bonds,Price move year-to-date,0.0007571660357,0.10%,10
2025-01-22,US 10-year Bonds,max,0.003353163872,,0
2025-01-22,US 10-year Bonds,min,-0.0138453218,,0
2025-01-22,Nvidia,Price move year-to-date,0.09516717552,9.50%,10
2025-01-22,Nvidia,max,0.1127410827,,0
2025-01-22,Nvidia,min,-0.01883982426,,0
2025-01-22,US Large Cap Stocks,Price move year-to-date,0.03481007816,3.50%,10
2025-01-22,US Large Cap Stocks,max,0.03481007816,,0
2025-01-22,US Large Cap Stocks,min,-0.009281440689,,0
2025-01-22,US dollar,Price move year-to-date,-0.00101971448,-0.10%,10
2025-01-22,US dollar,max,0.01461590755,,0
2025-01-22,US dollar,min,-0.002719238613,,0
2025-01-22,US Small Cap Stocks,Price move year-to-date,0.03317342505,3.30%,10
2025-01-22,US Small Cap Stocks,max,0.03996198407,,0
2025-01-22,US Small Cap Stocks,min,-0.01869116582,,0
2025-01-22,Tesla,Price move year-to-date,0.02790709192,2.80%,10
2025-01-22,Tesla,max,0.06037044374,,0
2025-01-22,Tesla,min,-0.06081616482,,0
2025-01-22,Crude Oil,Price move year-to-date,0.05186837702,5.20%,10
2025-01-22,Crude Oil,max,0.0974623536,,0
2025-01-22,Crude Oil,min,0,,0
2025-01-23,Gold,Price move year-to-date,0.04931235287,4.90%,10
2025-01-23,Gold,max,0.05079915748,,0
2025-01-23,Gold,min,0,,0
2025-01-23,European Stocks,Price move year-to-date,0.05687726485,5.70%,10
2025-01-23,European Stocks,max,0.05687726485,,0
2025-01-23,European Stocks,min,-0.006302190011,,0
2025-01-23,China Large Cap Stocks,Price move year-to-date,0.00394218134,0.40%,10
2025-01-23,China Large Cap Stocks,max,0.01018396846,,0
2025-01-23,China Large Cap Stocks,min,-0.05880420499,,0
2025-01-23,Bitcoin,Price move year-to-date,0.1037173658,10.40%,10
2025-01-23,Bitcoin,max,0.1426293332,,0
2025-01-23,Bitcoin,min,0,,0
2025-01-23,Emerging Market Stocks,Price move year-to-date,0.02032520325,2%,10
2025-01-23,Emerging Market Stocks,max,0.02032520325,,0
2025-01-23,Emerging Market Stocks,min,-0.02415112386,,0
2025-01-23,US 10-year Bonds,Price move year-to-date,-0.001838831801,-0.20%,10
2025-01-23,US 10-year Bonds,max,0.003353163872,,0
2025-01-23,US 10-year Bonds,min,-0.0138453218,,0
2025-01-23,Nvidia,Price move year-to-date,0.09628416114,9.60%,10
2025-01-23,Nvidia,max,0.1127410827,,0
2025-01-23,Nvidia,min,-0.01883982426,,0
2025-01-23,US Large Cap Stocks,Price move year-to-date,0.04030855392,4%,10
2025-01-23,US Large Cap Stocks,max,0.04030855392,,0
2025-01-23,US Large Cap Stocks,min,-0.009281440689,,0
2025-01-23,US dollar,Price move year-to-date,-0.001359619307,-0.10%,10
2025-01-23,US dollar,max,0.01461590755,,0
2025-01-23,US dollar,min,-0.002719238613,,0
2025-01-23,US Small Cap Stocks,Price move year-to-date,0.0378801593,3.80%,10
2025-01-23,US Small Cap Stocks,max,0.03996198407,,0
2025-01-23,US Small Cap Stocks,min,-0.01869116582,,0
2025-01-23,Tesla,Price move year-to-date,0.02114698891,2.10%,10
2025-01-23,Tesla,max,0.06037044374,,0
2025-01-23,Tesla,min,-0.06081616482,,0
2025-01-23,Crude Oil,Price move year-to-date,0.0404350251,4%,10
2025-01-23,Crude Oil,max,0.0974623536,,0
2025-01-23,Crude Oil,min,0,,0
2025-01-24,Gold,Price move year-to-date,0.0558377731,5.60%,10
2025-01-24,Gold,max,0.0558377731,,0
2025-01-24,Gold,min,0,,0
2025-01-24,European Stocks,Price move year-to-date,0.0589254766,5.90%,10
2025-01-24,European Stocks,max,0.0589254766,,0
2025-01-24,European Stocks,min,-0.006302190011,,0
2025-01-24,China Large Cap Stocks,Price move year-to-date,0.02890932983,2.90%,10
2025-01-24,China Large Cap Stocks,max,0.02890932983,,0
2025-01-24,China Large Cap Stocks,min,-0.05880420499,,0
2025-01-24,Bitcoin,Price move year-to-date,0.1318437862,13.20%,10
2025-01-24,Bitcoin,max,0.1426293332,,0
2025-01-24,Bitcoin,min,0,,0
2025-01-24,Emerging Market Stocks,Price move year-to-date,0.02702056432,2.70%,10
2025-01-24,Emerging Market Stocks,max,0.02702056432,,0
2025-01-24,Emerging Market Stocks,min,-0.02415112386,,0
2025-01-24,US 10-year Bonds,Price move year-to-date,0.0002163331531,0%,10
2025-01-24,US 10-year Bonds,max,0.003353163872,,0
2025-01-24,US 10-year Bonds,min,-0.0138453218,,0
2025-01-24,Nvidia,Price move year-to-date,0.06202993521,6.20%,10
2025-01-24,Nvidia,max,0.1127410827,,0
2025-01-24,Nvidia,min,-0.01883982426,,0
2025-01-24,US Large Cap Stocks,Price move year-to-date,0.03733828888,3.70%,10
2025-01-24,US Large Cap Stocks,max,0.04030855392,,0
2025-01-24,US Large Cap Stocks,min,-0.009281440689,,0
2025-01-24,US dollar,Price move year-to-date,-0.007477906186,-0.70%,10
2025-01-24,US dollar,max,0.01461590755,,0
2025-01-24,US dollar,min,-0.007477906186,,0
2025-01-24,US Small Cap Stocks,Price move year-to-date,0.03498370746,3.50%,10
2025-01-24,US Small Cap Stocks,max,0.03996198407,,0
2025-01-24,US Small Cap Stocks,min,-0.01869116582,,0
2025-01-24,Tesla,Price move year-to-date,0.006784865293,0.70%,10
2025-01-24,Tesla,max,0.06037044374,,0
2025-01-24,Tesla,min,-0.06081616482,,0
2025-01-24,Crude Oil,Price move year-to-date,0.04099274958,4.10%,10
2025-01-24,Crude Oil,max,0.0974623536,,0
2025-01-24,Crude Oil,min,0,,0
2025-01-27,Gold,Price move year-to-date,0.04485193904,4.50%,10
2025-01-27,Gold,max,0.0558377731,,0
2025-01-27,Gold,min,0,,0
2025-01-27,European Stocks,Price move year-to-date,0.06475500236,6.50%,10
2025-01-27,European Stocks,max,0.06475500236,,0
2025-01-27,European Stocks,min,-0.006302190011,,0
2025-01-27,China Large Cap Stocks,Price move year-to-date,0.03810775296,3.80%,10
2025-01-27,China Large Cap Stocks,max,0.03810775296,,0
2025-01-27,China Large Cap Stocks,min,-0.05880420499,,0
2025-01-27,Bitcoin,Price move year-to-date,0.08693395498,8.70%,10
2025-01-27,Bitcoin,max,0.1426293332,,0
2025-01-27,Bitcoin,min,0,,0
2025-01-27,Emerging Market Stocks,Price move year-to-date,0.008369201339,0.80%,10
2025-01-27,Emerging Market Stocks,max,0.02702056432,,0
2025-01-27,Emerging Market Stocks,min,-0.02415112386,,0
2025-01-27,US 10-year Bonds,Price move year-to-date,0.006706327745,0.70%,10
2025-01-27,US 10-year Bonds,max,0.006706327745,,0
2025-01-27,US 10-year Bonds,min,-0.0138453218,,0
2025-01-27,Nvidia,Price move year-to-date,-0.1181770795,-11.80%,10
2025-01-27,Nvidia,max,0.1127410827,,0
2025-01-27,Nvidia,min,-0.1181770795,,0
2025-01-27,US Large Cap Stocks,Price move year-to-date,0.02221323001,2.20%,10
2025-01-27,US Large Cap Stocks,max,0.04030855392,,0
2025-01-27,US Large Cap Stocks,min,-0.009281440689,,0
2025-01-27,US dollar,Price move year-to-date,-0.00713800136,-0.70%,10
2025-01-27,US dollar,max,0.01461590755,,0
2025-01-27,US dollar,min,-0.007477906186,,0
2025-01-27,US Small Cap Stocks,Price move year-to-date,0.0250724113,2.50%,10
2025-01-27,US Small Cap Stocks,max,0.03996198407,,0
2025-01-27,US Small Cap Stocks,min,-0.01869116582,,0
2025-01-27,Tesla,Price move year-to-date,-0.01656596672,-1.70%,10
2025-01-27,Tesla,max,0.06037044374,,0
2025-01-27,Tesla,min,-0.06081616482,,0
2025-01-27,Crude Oil,Price move year-to-date,0.02021751255,2%,10
2025-01-27,Crude Oil,max,0.0974623536,,0
2025-01-27,Crude Oil,min,0,,0
2025-01-28,Gold,Price move year-to-date,0.05389666708,5.40%,10
2025-01-28,Gold,max,0.0558377731,,0
2025-01-28,Gold,min,0,,0
2025-01-28,European Stocks,Price move year-to-date,0.06034346936,6%,10
2025-01-28,European Stocks,max,0.06475500236,,0
2025-01-28,European Stocks,min,-0.006302190011,,0
2025-01-28,China Large Cap Stocks,Price move year-to-date,0.04993429698,5%,10
2025-01-28,China Large Cap Stocks,max,0.04993429698,,0
2025-01-28,China Large Cap Stocks,min,-0.05880420499,,0
2025-01-28,Bitcoin,Price move year-to-date,0.114253949,11.40%,10
2025-01-28,Bitcoin,max,0.1426293332,,0
2025-01-28,Bitcoin,min,0,,0
2025-01-28,Emerging Market Stocks,Price move year-to-date,0.01578192253,1.60%,10
2025-01-28,Emerging Market Stocks,max,0.02702056432,,0
2025-01-28,Emerging Market Stocks,min,-0.02415112386,,0
2025-01-28,US 10-year Bonds,Price move year-to-date,0.006814494321,0.70%,10
2025-01-28,US 10-year Bonds,max,0.006814494321,,0
2025-01-28,US 10-year Bonds,min,-0.0138453218,,0
2025-01-28,Nvidia,Price move year-to-date,-0.03946682553,-3.90%,10
2025-01-28,Nvidia,max,0.1127410827,,0
2025-01-28,Nvidia,min,-0.1181770795,,0
2025-01-28,US Large Cap Stocks,Price move year-to-date,0.03163578804,3.20%,10
2025-01-28,US Large Cap Stocks,max,0.04030855392,,0
2025-01-28,US Large Cap Stocks,min,-0.009281440689,,0
2025-01-28,US dollar,Price move year-to-date,-0.00305914344,-0.30%,10
2025-01-28,US dollar,max,0.01461590755,,0
2025-01-28,US dollar,min,-0.007477906186,,0
2025-01-28,US Small Cap Stocks,Price move year-to-date,0.0262038378,2.60%,10
2025-01-28,US Small Cap Stocks,max,0.03996198407,,0
2025-01-28,US Small Cap Stocks,min,-0.01869116582,,0
2025-01-28,Tesla,Price move year-to-date,-0.0142383122,-1.40%,10
2025-01-28,Tesla,max,0.06037044374,,0
2025-01-28,Tesla,min,-0.06081616482,,0
2025-01-28,Crude Oil,Price move year-to-date,0.02858337981,2.90%,10
2025-01-28,Crude Oil,max,0.0974623536,,0
2025-01-28,Crude Oil,min,0,,0
2025-01-29,Gold,Price move year-to-date,0.04984925453,5%,10
2025-01-29,Gold,max,0.0558377731,,0
2025-01-29,Gold,min,0,,0
2025-01-29,European Stocks,Price move year-to-date,0.06144635261,6.10%,10
2025-01-29,European Stocks,max,0.06475500236,,0
2025-01-29,European Stocks,min,-0.006302190011,,0
2025-01-29,China Large Cap Stocks,Price move year-to-date,0.04566360053,4.60%,10
2025-01-29,China Large Cap Stocks,max,0.04993429698,,0
2025-01-29,China Large Cap Stocks,min,-0.05880420499,,0
2025-01-29,Bitcoin,Price move year-to-date,0.1040529258,10.40%,10
2025-01-29,Bitcoin,max,0.1426293332,,0
2025-01-29,Bitcoin,min,0,,0
2025-01-29,Emerging Market Stocks,Price move year-to-date,0.01602104256,1.60%,10
2025-01-29,Emerging Market Stocks,max,0.02702056432,,0
2025-01-29,Emerging Market Stocks,min,-0.02415112386,,0
2025-01-29,US 10-year Bonds,Price move year-to-date,0.005624661979,0.60%,10
2025-01-29,US 10-year Bonds,max,0.006814494321,,0
2025-01-29,US 10-year Bonds,min,-0.0138453218,,0
2025-01-29,Nvidia,Price move year-to-date,-0.07885918535,-7.90%,10
2025-01-29,Nvidia,max,0.1127410827,,0
2025-01-29,Nvidia,min,-0.1181770795,,0
2025-01-29,US Large Cap Stocks,Price move year-to-date,0.02680889481,2.70%,10
2025-01-29,US Large Cap Stocks,max,0.04030855392,,0
2025-01-29,US Large Cap Stocks,min,-0.009281440689,,0
2025-01-29,US dollar,Price move year-to-date,-0.00101971448,-0.10%,10
2025-01-29,US dollar,max,0.01461590755,,0
2025-01-29,US dollar,min,-0.007477906186,,0
2025-01-29,US Small Cap Stocks,Price move year-to-date,0.02385047067,2.40%,10
2025-01-29,US Small Cap Stocks,max,0.03996198407,,0
2025-01-29,US Small Cap Stocks,min,-0.01869116582,,0
2025-01-29,Tesla,Price move year-to-date,-0.0364996038,-3.60%,10
2025-01-29,Tesla,max,0.06037044374,,0
2025-01-29,Tesla,min,-0.06081616482,,0
2025-01-29,Crude Oil,Price move year-to-date,0.01254880089,1.30%,10
2025-01-29,Crude Oil,max,0.0974623536,,0
2025-01-29,Crude Oil,min,0,,0
2025-01-30,Gold,Price move year-to-date,0.06574980382,6.60%,10
2025-01-30,Gold,max,0.06574980382,,0
2025-01-30,Gold,min,0,,0
2025-01-30,European Stocks,Price move year-to-date,0.07168741138,7.20%,10
2025-01-30,European Stocks,max,0.07168741138,,0
2025-01-30,European Stocks,min,-0.006302190011,,0
2025-01-30,China Large Cap Stocks,Price move year-to-date,0.07063074901,7.10%,10
2025-01-30,China Large Cap Stocks,max,0.07063074901,,0
2025-01-30,China Large Cap Stocks,min,-0.05880420499,,0
2025-01-30,Bitcoin,Price move year-to-date,0.1409374615,14.10%,10
2025-01-30,Bitcoin,max,0.1426293332,,0
2025-01-30,Bitcoin,min,0,,0
2025-01-30,Emerging Market Stocks,Price move year-to-date,0.03323768532,3.30%,10
2025-01-30,Emerging Market Stocks,max,0.03323768532,,0
2025-01-30,Emerging Market Stocks,min,-0.02415112386,,0
2025-01-30,US 10-year Bonds,Price move year-to-date,0.00778799351,0.80%,10
2025-01-30,US 10-year Bonds,max,0.00778799351,,0
2025-01-30,US 10-year Bonds,min,-0.0138453218,,0
2025-01-30,Nvidia,Price move year-to-date,-0.07178494303,-7.20%,10
2025-01-30,Nvidia,max,0.1127410827,,0
2025-01-30,Nvidia,min,-0.1181770795,,0
2025-01-30,US Large Cap Stocks,Price move year-to-date,0.03222576055,3.20%,10
2025-01-30,US Large Cap Stocks,max,0.04030855392,,0
2025-01-30,US Large Cap Stocks,min,-0.009281440689,,0
2025-01-30,US dollar,Price move year-to-date,-0.00101971448,-0.10%,10
2025-01-30,US dollar,max,0.01461590755,,0
2025-01-30,US dollar,min,-0.007477906186,,0
2025-01-30,US Small Cap Stocks,Price move year-to-date,0.0342595945,3.40%,10
2025-01-30,US Small Cap Stocks,max,0.03996198407,,0
2025-01-30,US Small Cap Stocks,min,-0.01869116582,,0
2025-01-30,Tesla,Price move year-to-date,-0.008815372425,-0.90%,10
2025-01-30,Tesla,max,0.06037044374,,0
2025-01-30,Tesla,min,-0.06081616482,,0
2025-01-30,Crude Oil,Price move year-to-date,0.01408254322,1.40%,10
2025-01-30,Crude Oil,max,0.0974623536,,0
2025-01-30,Crude Oil,min,0,,0
2025-01-31,Gold,Price move year-to-date,0.06785611035,6.80%,10
2025-01-31,Gold,max,0.06785611035,,0
2025-01-31,Gold,min,0,,0
2025-01-31,European Stocks,Price move year-to-date,0.06349456436,6.30%,10
2025-01-31,European Stocks,max,0.07168741138,,0
2025-01-31,European Stocks,min,-0.006302190011,,0
2025-01-31,China Large Cap Stocks,Price move year-to-date,0.0476346912,4.80%,10
2025-01-31,China Large Cap Stocks,max,0.07063074901,,0
2025-01-31,China Large Cap Stocks,min,-0.05880420499,,0
2025-01-31,Bitcoin,Price move year-to-date,0.1258448399,12.60%,10
2025-01-31,Bitcoin,max,0.1426293332,,0
2025-01-31,Bitcoin,min,0,,0
2025-01-31,Emerging Market Stocks,Price move year-to-date,0.02152080344,2.20%,10
2025-01-31,Emerging Market Stocks,max,0.03323768532,,0
2025-01-31,Emerging Market Stocks,min,-0.02415112386,,0
2025-01-31,US 10-year Bonds,Price move year-to-date,0.006165494862,0.60%,10
2025-01-31,US 10-year Bonds,max,0.00778799351,,0
2025-01-31,US 10-year Bonds,min,-0.0138453218,,0
2025-01-31,Nvidia,Price move year-to-date,-0.1058902375,-10.60%,10
2025-01-31,Nvidia,max,0.1127410827,,0
2025-01-31,Nvidia,min,-0.1181770795,,0
2025-01-31,US Large Cap Stocks,Price move year-to-date,0.02701632031,2.70%,10
2025-01-31,US Large Cap Stocks,max,0.04030855392,,0
2025-01-31,US Large Cap Stocks,min,-0.009281440689,,0
2025-01-31,US dollar,Price move year-to-date,0.00305914344,0.30%,10
2025-01-31,US dollar,max,0.01461590755,,0
2025-01-31,US dollar,min,-0.007477906186,,0
2025-01-31,US Small Cap Stocks,Price move year-to-date,0.02498189718,2.50%,10
2025-01-31,US Small Cap Stocks,max,0.03996198407,,0
2025-01-31,US Small Cap Stocks,min,-0.01869116582,,0
2025-01-31,Tesla,Price move year-to-date,0.001881933439,0.20%,10
2025-01-31,Tesla,max,0.06037044374,,0
2025-01-31,Tesla,min,-0.06081616482,,0
2025-01-31,Crude Oil,Price move year-to-date,0.0112939208,1.10%,10
2025-01-31,Crude Oil,max,0.0974623536,,0
2025-01-31,Crude Oil,min,0,,0
2025-02-03,Gold,Price move year-to-date,0.07355552802,7.40%,10
2025-02-03,Gold,max,0.07355552802,,0
2025-02-03,Gold,min,0,,0
2025-02-03,European Stocks,Price move year-to-date,0.04789664408,4.80%,10
2025-02-03,European Stocks,max,0.07168741138,,0
2025-02-03,European Stocks,min,-0.006302190011,,0
2025-02-03,China Large Cap Stocks,Price move year-to-date,0.0420499343,4.20%,10
2025-02-03,China Large Cap Stocks,max,0.07063074901,,0
2025-02-03,China Large Cap Stocks,min,-0.05880420499,,0
2025-02-03,Bitcoin,Price move year-to-date,0.005415721461,0.50%,10
2025-02-03,Bitcoin,max,0.1426293332,,0
2025-02-03,Bitcoin,min,0,,0
2025-02-03,Emerging Market Stocks,Price move year-to-date,0.01410808226,1.40%,10
2025-02-03,Emerging Market Stocks,max,0.03323768532,,0
2025-02-03,Emerging Market Stocks,min,-0.02415112386,,0
2025-02-03,US 10-year Bonds,Price move year-to-date,0.003677663602,0.40%,10
2025-02-03,US 10-year Bonds,max,0.00778799351,,0
2025-02-03,US 10-year Bonds,min,-0.0138453218,,0
2025-02-03,Nvidia,Price move year-to-date,-0.1312830442,-13.10%,10
2025-02-03,Nvidia,max,0.1127410827,,0
2025-02-03,Nvidia,min,-0.1312830442,,0
2025-02-03,US Large Cap Stocks,Price move year-to-date,0.01920215995,1.90%,10
2025-02-03,US Large Cap Stocks,max,0.04030855392,,0
2025-02-03,US Large Cap Stocks,min,-0.009281440689,,0
2025-02-03,US dollar,Price move year-to-date,0.007477906186,0.70%,10
2025-02-03,US dollar,max,0.01461590755,,0
2025-02-03,US dollar,min,-0.007477906186,,0
2025-02-03,US Small Cap Stocks,Price move year-to-date,0.01298877625,1.30%,10
2025-02-03,US Small Cap Stocks,max,0.03996198407,,0
2025-02-03,US Small Cap Stocks,min,-0.01869116582,,0
2025-02-03,Tesla,Price move year-to-date,-0.0499207607,-5%,10
2025-02-03,Tesla,max,0.06037044374,,0
2025-02-03,Tesla,min,-0.06081616482,,0
2025-02-03,Crude Oil,Price move year-to-date,0.02007808143,2%,10
2025-02-03,Crude Oil,max,0.0974623536,,0
2025-02-03,Crude Oil,min,0,,0
2025-02-04,Gold,Price move year-to-date,0.0841283608,8.40%,10
2025-02-04,Gold,max,0.0841283608,,0
2025-02-04,Gold,min,0,,0
2025-02-04,European Stocks,Price move year-to-date,0.06113124311,6.10%,10
2025-02-04,European Stocks,max,0.07168741138,,0
2025-02-04,European Stocks,min,-0.006302190011,,0
2025-02-04,China Large Cap Stocks,Price move year-to-date,0.06668856767,6.70%,10
2025-02-04,China Large Cap Stocks,max,0.07063074901,,0
2025-02-04,China Large Cap Stocks,min,-0.05880420499,,0
2025-02-04,Bitcoin,Price move year-to-date,0.0841444774,8.40%,10
2025-02-04,Bitcoin,max,0.1426293332,,0
2025-02-04,Bitcoin,min,0,,0
2025-02-04,Emerging Market Stocks,Price move year-to-date,0.03228120516,3.20%,10
2025-02-04,Emerging Market Stocks,max,0.03323768532,,0
2025-02-04,Emerging Market Stocks,min,-0.02415112386,,0
2025-02-04,US 10-year Bonds,Price move year-to-date,0.006165494862,0.60%,10
2025-02-04,US 10-year Bonds,max,0.00778799351,,0
2025-02-04,US 10-year Bonds,min,-0.0138453218,,0
2025-02-04,Nvidia,Price move year-to-date,-0.1164643682,-11.60%,10
2025-02-04,Nvidia,max,0.1127410827,,0
2025-02-04,Nvidia,min,-0.1312830442,,0
2025-02-04,US Large Cap Stocks,Price move year-to-date,0.02656576493,2.70%,10
2025-02-04,US Large Cap Stocks,max,0.04030855392,,0
2025-02-04,US Large Cap Stocks,min,-0.009281440689,,0
2025-02-04,US dollar,Price move year-to-date,-0.001699524133,-0.20%,10
2025-02-04,US dollar,max,0.01461590755,,0
2025-02-04,US dollar,min,-0.007477906186,,0
2025-02-04,US Small Cap Stocks,Price move year-to-date,0.02701846488,2.70%,10
2025-02-04,US Small Cap Stocks,max,0.03996198407,,0
2025-02-04,US Small Cap Stocks,min,-0.01869116582,,0
2025-02-04,Tesla,Price move year-to-date,-0.02879853407,-2.90%,10
2025-02-04,Tesla,max,0.06037044374,,0
2025-02-04,Tesla,min,-0.06081616482,,0
2025-02-04,Crude Oil,Price move year-to-date,0.01366424986,1.40%,10
2025-02-04,Crude Oil,max,0.0974623536,,0
2025-02-04,Crude Oil,min,0,,0
2025-02-05,Gold,Price move year-to-date,0.09086028167,9.10%,10
2025-02-05,Gold,max,0.09086028167,,0
2025-02-05,Gold,min,0,,0
2025-02-05,European Stocks,Price move year-to-date,0.07200252088,7.20%,10
2025-02-05,European Stocks,max,0.07200252088,,0
2025-02-05,European Stocks,min,-0.006302190011,,0
2025-02-05,China Large Cap Stocks,Price move year-to-date,0.04894875164,4.90%,10
2025-02-05,China Large Cap Stocks,max,0.07063074901,,0
2025-02-05,China Large Cap Stocks,min,-0.05880420499,,0
2025-02-05,Bitcoin,Price move year-to-date,0.062276467,6.20%,10
2025-02-05,Bitcoin,max,0.1426293332,,0
2025-02-05,Bitcoin,min,0,,0
2025-02-05,Emerging Market Stocks,Price move year-to-date,0.02965088474,3%,10
2025-02-05,Emerging Market Stocks,max,0.03323768532,,0
2025-02-05,Emerging Market Stocks,min,-0.02415112386,,0
2025-02-05,US 10-year Bonds,Price move year-to-date,0.01200648999,1.20%,10
2025-02-05,US 10-year Bonds,max,0.01200648999,,0
2025-02-05,US 10-year Bonds,min,-0.0138453218,,0
2025-02-05,Nvidia,Price move year-to-date,-0.07044456028,-7%,10
2025-02-05,Nvidia,max,0.1127410827,,0
2025-02-05,Nvidia,min,-0.1312830442,,0
2025-02-05,US Large Cap Stocks,Price move year-to-date,0.03057825807,3.10%,10
2025-02-05,US Large Cap Stocks,max,0.04030855392,,0
2025-02-05,US Large Cap Stocks,min,-0.009281440689,,0
2025-02-05,US dollar,Price move year-to-date,-0.003399048266,-0.30%,10
2025-02-05,US dollar,max,0.01461590755,,0
2025-02-05,US dollar,min,-0.007477906186,,0
2025-02-05,US Small Cap Stocks,Price move year-to-date,0.03819695873,3.80%,10
2025-02-05,US Small Cap Stocks,max,0.03996198407,,0
2025-02-05,US Small Cap Stocks,min,-0.01869116582,,0
2025-02-05,Tesla,Price move year-to-date,-0.06356477813,-6.40%,10
2025-02-05,Tesla,max,0.06037044374,,0
2025-02-05,Tesla,min,-0.06356477813,,0
2025-02-05,Crude Oil,Price move year-to-date,-0.009620747351,-1%,10
2025-02-05,Crude Oil,max,0.0974623536,,0
2025-02-05,Crude Oil,min,-0.009620747351,,0
2025-02-06,Gold,Price move year-to-date,0.0879692727,8.80%,10
2025-02-06,Gold,max,0.09086028167,,0
2025-02-06,Gold,min,0,,0
2025-02-06,European Stocks,Price move year-to-date,0.07798960139,7.80%,10
2025-02-06,European Stocks,max,0.07798960139,,0
2025-02-06,European Stocks,min,-0.006302190011,,0
2025-02-06,China Large Cap Stocks,Price move year-to-date,0.06044678055,6%,10
2025-02-06,China Large Cap Stocks,max,0.07063074901,,0
2025-02-06,China Large Cap Stocks,min,-0.05880420499,,0
2025-02-06,Bitcoin,Price move year-to-date,0.05700774245,5.70%,10
2025-02-06,Bitcoin,max,0.1426293332,,0
2025-02-06,Bitcoin,min,0,,0
2025-02-06,Emerging Market Stocks,Price move year-to-date,0.03395504543,3.40%,10
2025-02-06,Emerging Market Stocks,max,0.03395504543,,0
2025-02-06,Emerging Market Stocks,min,-0.02415112386,,0
2025-02-06,US 10-year Bonds,Price move year-to-date,0.01081665765,1.10%,10
2025-02-06,US 10-year Bonds,max,0.01200648999,,0
2025-02-06,US 10-year Bonds,min,-0.0138453218,,0
2025-02-06,Nvidia,Price move year-to-date,-0.04177526249,-4.20%,10
2025-02-06,Nvidia,max,0.1127410827,,0
2025-02-06,Nvidia,min,-0.1312830442,,0
2025-02-06,US Large Cap Stocks,Price move year-to-date,0.03433401965,3.40%,10
2025-02-06,US Large Cap Stocks,max,0.04030855392,,0
2025-02-06,US Large Cap Stocks,min,-0.009281440689,,0
2025-02-06,US dollar,Price move year-to-date,-0.00407885792,-0.40%,10
2025-02-06,US dollar,max,0.01461590755,,0
2025-02-06,US dollar,min,-0.007477906186,,0
2025-02-06,US Small Cap Stocks,Price move year-to-date,0.03480267922,3.50%,10
2025-02-06,US Small Cap Stocks,max,0.03996198407,,0
2025-02-06,US Small Cap Stocks,min,-0.01869116582,,0
2025-02-06,Tesla,Price move year-to-date,-0.07309825674,-7.30%,10
2025-02-06,Tesla,max,0.06037044374,,0
2025-02-06,Tesla,min,-0.07309825674,,0
2025-02-06,Crude Oil,Price move year-to-date,-0.01547685443,-1.50%,10
2025-02-06,Crude Oil,max,0.0974623536,,0
2025-02-06,Crude Oil,min,-0.01547685443,,0
2025-02-07,Gold,Price move year-to-date,0.08991037872,9%,10
2025-02-07,Gold,max,0.09086028167,,0
2025-02-07,Gold,min,0,,0
2025-02-07,European Stocks,Price move year-to-date,0.06743343312,6.70%,10
2025-02-07,European Stocks,max,0.07798960139,,0
2025-02-07,European Stocks,min,-0.006302190011,,0
2025-02-07,China Large Cap Stocks,Price move year-to-date,0.07522996058,7.50%,10
2025-02-07,China Large Cap Stocks,max,0.07522996058,,0
2025-02-07,China Large Cap Stocks,min,-0.05880420499,,0
2025-02-07,Bitcoin,Price move year-to-date,0.05560521001,5.60%,10
2025-02-07,Bitcoin,max,0.1426293332,,0
2025-02-07,Bitcoin,min,0,,0
2025-02-07,Emerging Market Stocks,Price move year-to-date,0.03299856528,3.30%,10
2025-02-07,Emerging Market Stocks,max,0.03395504543,,0
2025-02-07,Emerging Market Stocks,min,-0.02415112386,,0
2025-02-07,US 10-year Bonds,Price move year-to-date,0.00746349378,0.70%,10
2025-02-07,US 10-year Bonds,max,0.01200648999,,0
2025-02-07,US 10-year Bonds,min,-0.0138453218,,0
2025-02-07,Nvidia,Price move year-to-date,-0.0331372403,-3.30%,10
2025-02-07,Nvidia,max,0.1127410827,,0
2025-02-07,Nvidia,min,-0.1312830442,,0
2025-02-07,US Large Cap Stocks,Price move year-to-date,0.02454421648,2.50%,10
2025-02-07,US Large Cap Stocks,max,0.04030855392,,0
2025-02-07,US Large Cap Stocks,min,-0.009281440689,,0
2025-02-07,US dollar,Price move year-to-date,0.0003399048266,0%,10
2025-02-07,US dollar,max,0.01461590755,,0
2025-02-07,US dollar,min,-0.007477906186,,0
2025-02-07,US Small Cap Stocks,Price move year-to-date,0.02280955829,2.30%,10
2025-02-07,US Small Cap Stocks,max,0.03996198407,,0
2025-02-07,US Small Cap Stocks,min,-0.01869116582,,0
2025-02-07,Tesla,Price move year-to-date,-0.104546355,-10.50%,10
2025-02-07,Tesla,max,0.06037044374,,0
2025-02-07,Tesla,min,-0.104546355,,0
2025-02-07,Crude Oil,Price move year-to-date,-0.01003904071,-1%,10
2025-02-07,Crude Oil,max,0.0974623536,,0
2025-02-07,Crude Oil,min,-0.01547685443,,0
2025-02-10,Gold,Price move year-to-date,0.108371536,10.80%,10
2025-02-10,Gold,max,0.108371536,,0
2025-02-10,Gold,min,0,,0
2025-02-10,European Stocks,Price move year-to-date,0.07531117063,7.50%,10
2025-02-10,European Stocks,max,0.07798960139,,0
2025-02-10,European Stocks,min,-0.006302190011,,0
2025-02-10,China Large Cap Stocks,Price move year-to-date,0.1044678055,10.40%,10
2025-02-10,China Large Cap Stocks,max,0.1044678055,,0
2025-02-10,China Large Cap Stocks,min,-0.05880420499,,0
2025-02-10,Bitcoin,Price move year-to-date,0.04925078659,4.90%,10
2025-02-10,Bitcoin,max,0.1426293332,,0
2025-02-10,Bitcoin,min,0,,0
2025-02-10,Emerging Market Stocks,Price move year-to-date,0.04543280727,4.50%,10
2025-02-10,Emerging Market Stocks,max,0.04543280727,,0
2025-02-10,Emerging Market Stocks,min,-0.02415112386,,0
2025-02-10,US 10-year Bonds,Price move year-to-date,0.007247160627,0.70%,10
2025-02-10,US 10-year Bonds,max,0.01200648999,,0
2025-02-10,US 10-year Bonds,min,-0.0138453218,,0
2025-02-10,Nvidia,Price move year-to-date,-0.005361531015,-0.50%,10
2025-02-10,Nvidia,max,0.1127410827,,0
2025-02-10,Nvidia,min,-0.1312830442,,0
2025-02-10,US Large Cap Stocks,Price move year-to-date,0.03142156171,3.10%,10
2025-02-10,US Large Cap Stocks,max,0.04030855392,,0
2025-02-10,US Large Cap Stocks,min,-0.009281440689,,0
2025-02-10,US dollar,Price move year-to-date,0.003399048266,0.30%,10
2025-02-10,US dollar,max,0.01461590755,,0
2025-02-10,US dollar,min,-0.007477906186,,0
2025-02-10,US Small Cap Stocks,Price move year-to-date,0.02742577842,2.70%,10
2025-02-10,US Small Cap Stocks,max,0.03996198407,,0
2025-02-10,US Small Cap Stocks,min,-0.01869116582,,0
2025-02-10,Tesla,Price move year-to-date,-0.1315124802,-13.20%,10
2025-02-10,Tesla,max,0.06037044374,,0
2025-02-10,Tesla,min,-0.1315124802,,0
2025-02-10,Crude Oil,Price move year-to-date,0.008365867262,0.80%,10
2025-02-10,Crude Oil,max,0.0974623536,,0
2025-02-10,Crude Oil,min,-0.01547685443,,0
2025-02-11,Gold,Price move year-to-date,0.1043241234,10.40%,10
2025-02-11,Gold,max,0.108371536,,0
2025-02-11,Gold,min,0,,0
2025-02-11,European Stocks,Price move year-to-date,0.0842917914,8.40%,10
2025-02-11,European Stocks,max,0.0842917914,,0
2025-02-11,European Stocks,min,-0.006302190011,,0
2025-02-11,China Large Cap Stocks,Price move year-to-date,0.09526938239,9.50%,10
2025-02-11,China Large Cap Stocks,max,0.1044678055,,0
2025-02-11,China Large Cap Stocks,min,-0.05880420499,,0
2025-02-11,Bitcoin,Price move year-to-date,0.06163738762,6.20%,10
2025-02-11,Bitcoin,max,0.1426293332,,0
2025-02-11,Bitcoin,min,0,,0
2025-02-11,Emerging Market Stocks,Price move year-to-date,0.04136776662,4.10%,10
2025-02-11,Emerging Market Stocks,max,0.04543280727,,0
2025-02-11,Emerging Market Stocks,min,-0.02415112386,,0
2025-02-11,US 10-year Bonds,Price move year-to-date,0.004651162791,0.50%,10
2025-02-11,US 10-year Bonds,max,0.01200648999,,0
2025-02-11,US 10-year Bonds,min,-0.0138453218,,0
2025-02-11,Nvidia,Price move year-to-date,-0.01109539057,-1.10%,10
2025-02-11,Nvidia,max,0.1127410827,,0
2025-02-11,Nvidia,min,-0.1312830442,,0
2025-02-11,US Large Cap Stocks,Price move year-to-date,0.03177180475,3.20%,10
2025-02-11,US Large Cap Stocks,max,0.04030855392,,0
2025-02-11,US Large Cap Stocks,min,-0.009281440689,,0
2025-02-11,US dollar,Price move year-to-date,0,0%,10
2025-02-11,US dollar,max,0.01461590755,,0
2025-02-11,US dollar,min,-0.007477906186,,0
2025-02-11,US Small Cap Stocks,Price move year-to-date,0.02145184649,2.10%,10
2025-02-11,US Small Cap Stocks,max,0.03996198407,,0
2025-02-11,US Small Cap Stocks,min,-0.01869116582,,0
2025-02-11,Tesla,Price move year-to-date,-0.1865590333,-18.70%,10
2025-02-11,Tesla,max,0.06037044374,,0
2025-02-11,Tesla,min,-0.1865590333,,0
2025-02-11,Crude Oil,Price move year-to-date,0.02230897936,2.20%,10
2025-02-11,Crude Oil,max,0.0974623536,,0
2025-02-11,Crude Oil,min,-0.01547685443,,0
2025-02-12,Gold,Price move year-to-date,0.105480527,10.50%,10
2025-02-12,Gold,max,0.108371536,,0
2025-02-12,Gold,min,0,,0
2025-02-12,European Stocks,Price move year-to-date,0.09201197416,9.20%,10
2025-02-12,European Stocks,max,0.09201197416,,0
2025-02-12,European Stocks,min,-0.006302190011,,0
2025-02-12,China Large Cap Stocks,Price move year-to-date,0.1225361367,12.30%,10
2025-02-12,China Large Cap Stocks,max,0.1225361367,,0
2025-02-12,China Large Cap Stocks,min,-0.05880420499,,0
2025-02-12,Bitcoin,Price move year-to-date,0.03453464164,3.50%,10
2025-02-12,Bitcoin,max,0.1426293332,,0
2025-02-12,Bitcoin,min,0,,0
2025-02-12,Emerging Market Stocks,Price move year-to-date,0.04710664754,4.70%,10
2025-02-12,Emerging Market Stocks,max,0.04710664754,,0
2025-02-12,Emerging Market Stocks,min,-0.02415112386,,0
2025-02-12,US 10-year Bonds,Price move year-to-date,-0.002271498107,-0.20%,10
2025-02-12,US 10-year Bonds,max,0.01200648999,,0
2025-02-12,US 10-year Bonds,min,-0.0138453218,,0
2025-02-12,Nvidia,Price move year-to-date,-0.02345669819,-2.30%,10
2025-02-12,Nvidia,max,0.1127410827,,0
2025-02-12,Nvidia,min,-0.1312830442,,0
2025-02-12,US Large Cap Stocks,Price move year-to-date,0.02896135935,2.90%,10
2025-02-12,US Large Cap Stocks,max,0.04030855392,,0
2025-02-12,US Large Cap Stocks,min,-0.009281440689,,0
2025-02-12,US dollar,Price move year-to-date,0.0006798096533,0.10%,10
2025-02-12,US dollar,max,0.01461590755,,0
2025-02-12,US dollar,min,-0.007477906186,,0
2025-02-12,US Small Cap Stocks,Price move year-to-date,0.01203837799,1.20%,10
2025-02-12,US Small Cap Stocks,max,0.03996198407,,0
2025-02-12,US Small Cap Stocks,min,-0.01869116582,,0
2025-02-12,Tesla,Price move year-to-date,-0.1667244453,-16.70%,10
2025-02-12,Tesla,max,0.06037044374,,0
2025-02-12,Tesla,min,-0.1865590333,,0
2025-02-12,Crude Oil,Price move year-to-date,-0.006692693809,-0.70%,10
2025-02-12,Crude Oil,max,0.0974623536,,0
2025-02-12,Crude Oil,min,-0.01547685443,,0
2025-02-13,Gold,Price move year-to-date,0.1163837608,11.60%,10
2025-02-13,Gold,max,0.1163837608,,0
2025-02-13,Gold,min,0,,0
2025-02-13,European Stocks,Price move year-to-date,0.1039861352,10.40%,10
2025-02-13,European Stocks,max,0.1039861352,,0
2025-02-13,European Stocks,min,-0.006302190011,,0
2025-02-13,China Large Cap Stocks,Price move year-to-date,0.1222076216,12.20%,10
2025-02-13,China Large Cap Stocks,max,0.1225361367,,0
2025-02-13,China Large Cap Stocks,min,-0.05880420499,,0
2025-02-13,Bitcoin,Price move year-to-date,0.04890624227,4.90%,10
2025-02-13,Bitcoin,max,0.1426293332,,0
2025-02-13,Bitcoin,min,0,,0
2025-02-13,Emerging Market Stocks,Price move year-to-date,0.05380200861,5.40%,10
2025-02-13,Emerging Market Stocks,max,0.05380200861,,0
2025-02-13,Emerging Market Stocks,min,-0.02415112386,,0
2025-02-13,US 10-year Bonds,Price move year-to-date,0.005191995673,0.50%,10
2025-02-13,US 10-year Bonds,max,0.01200648999,,0
2025-02-13,US 10-year Bonds,min,-0.0138453218,,0
2025-02-13,Nvidia,Price move year-to-date,0.007446570854,0.70%,10
2025-02-13,Nvidia,max,0.1127410827,,0
2025-02-13,Nvidia,min,-0.1312830442,,0
2025-02-13,US Large Cap Stocks,Price move year-to-date,0.03968967786,4%,10
2025-02-13,US Large Cap Stocks,max,0.04030855392,,0
2025-02-13,US Large Cap Stocks,min,-0.009281440689,,0
2025-02-13,US dollar,Price move year-to-date,-0.007477906186,-0.70%,10
2025-02-13,US dollar,max,0.01461590755,,0
2025-02-13,US dollar,min,-0.007477906186,,0
2025-02-13,US Small Cap Stocks,Price move year-to-date,0.02344315713,2.30%,10
2025-02-13,US Small Cap Stocks,max,0.03996198407,,0
2025-02-13,US Small Cap Stocks,min,-0.01869116582,,0
2025-02-13,Tesla,Price move year-to-date,-0.1186113312,-11.90%,10
2025-02-13,Tesla,max,0.06037044374,,0
2025-02-13,Tesla,min,-0.1865590333,,0
2025-02-13,Crude Oil,Price move year-to-date,-0.00808700502,-0.80%,10
2025-02-13,Crude Oil,max,0.0974623536,,0
2025-02-13,Crude Oil,min,-0.01547685443,,0
2025-02-14,Gold,Price move year-to-date,0.09978110932,10%,10
2025-02-14,Gold,max,0.1163837608,,0
2025-02-14,Gold,min,0,,0
2025-02-14,European Stocks,Price move year-to-date,0.1060343469,10.60%,10
2025-02-14,European Stocks,max,0.1060343469,,0
2025-02-14,European Stocks,min,-0.006302190011,,0
2025-02-14,China Large Cap Stocks,Price move year-to-date,0.1511169514,15.10%,10
2025-02-14,China Large Cap Stocks,max,0.1511169514,,0
2025-02-14,China Large Cap Stocks,min,-0.05880420499,,0
2025-02-14,Bitcoin,Price move year-to-date,0.04776988466,4.80%,10
2025-02-14,Bitcoin,max,0.1426293332,,0
2025-02-14,Bitcoin,min,0,,0
2025-02-14,Emerging Market Stocks,Price move year-to-date,0.06193208991,6.20%,10
2025-02-14,Emerging Market Stocks,max,0.06193208991,,0
2025-02-14,Emerging Market Stocks,min,-0.02415112386,,0
2025-02-14,US 10-year Bonds,Price move year-to-date,0.009410492158,0.90%,10
2025-02-14,US 10-year Bonds,max,0.01200648999,,0
2025-02-14,US 10-year Bonds,min,-0.0138453218,,0
2025-02-14,Nvidia,Price move year-to-date,0.03395636309,3.40%,10
2025-02-14,Nvidia,max,0.1127410827,,0
2025-02-14,Nvidia,min,-0.1312830442,,0
2025-02-14,US Large Cap Stocks,Price move year-to-date,0.03961486867,4%,10
2025-02-14,US Large Cap Stocks,max,0.04030855392,,0
2025-02-14,US Large Cap Stocks,min,-0.009281440689,,0
2025-02-14,US dollar,Price move year-to-date,-0.0101971448,-1%,10
2025-02-14,US dollar,max,0.01461590755,,0
2025-02-14,US dollar,min,-0.0101971448,,0
2025-02-14,US Small Cap Stocks,Price move year-to-date,0.02267378711,2.30%,10
2025-02-14,US Small Cap Stocks,max,0.03996198407,,0
2025-02-14,US Small Cap Stocks,min,-0.01869116582,,0
2025-02-14,Tesla,Price move year-to-date,-0.118858954,-11.90%,10
2025-02-14,Tesla,max,0.06037044374,,0
2025-02-14,Tesla,min,-0.1865590333,,0
2025-02-14,Crude Oil,Price move year-to-date,-0.01408254322,-1.40%,10
2025-02-14,Crude Oil,max,0.0974623536,,0
2025-02-14,Crude Oil,min,-0.01547685443,,0
2025-02-18,Gold,Price move year-to-date,0.1179944658,11.80%,10
2025-02-18,Gold,max,0.1179944658,,0
2025-02-18,Gold,min,0,,0
2025-02-18,European Stocks,Price move year-to-date,0.1137545297,11.40%,10
2025-02-18,European Stocks,max,0.1137545297,,0
2025-02-18,European Stocks,min,-0.006302190011,,0
2025-02-18,China Large Cap Stocks,Price move year-to-date,0.1596583443,16%,10
2025-02-18,China Large Cap Stocks,max,0.1596583443,,0
2025-02-18,China Large Cap Stocks,min,-0.05880420499,,0
2025-02-18,Bitcoin,Price move year-to-date,0.04019770328,4%,10
2025-02-18,Bitcoin,max,0.1426293332,,0
2025-02-18,Bitcoin,min,0,,0
2025-02-18,Emerging Market Stocks,Price move year-to-date,0.06862745098,6.90%,10
2025-02-18,Emerging Market Stocks,max,0.06862745098,,0
2025-02-18,Emerging Market Stocks,min,-0.02415112386,,0
2025-02-18,US 10-year Bonds,Price move year-to-date,0.004002163332,0.40%,10
2025-02-18,US 10-year Bonds,max,0.01200648999,,0
2025-02-18,US 10-year Bonds,min,-0.0138453218,,0
2025-02-18,Nvidia,Price move year-to-date,0.03805197706,3.80%,10
2025-02-18,Nvidia,max,0.1127410827,,0
2025-02-18,Nvidia,min,-0.1312830442,,0
2025-02-18,US Large Cap Stocks,Price move year-to-date,0.04215668106,4.20%,10
2025-02-18,US Large Cap Stocks,max,0.04215668106,,0
2025-02-18,US Large Cap Stocks,min,-0.009281440689,,0
2025-02-18,US dollar,Price move year-to-date,-0.00815771584,-0.80%,10
2025-02-18,US dollar,max,0.01461590755,,0
2025-02-18,US dollar,min,-0.0101971448,,0
2025-02-18,US Small Cap Stocks,Price move year-to-date,0.02828566256,2.80%,10
2025-02-18,US Small Cap Stocks,max,0.03996198407,,0
2025-02-18,US Small Cap Stocks,min,-0.01869116582,,0
2025-02-18,Tesla,Price move year-to-date,-0.1231428288,-12.30%,10
2025-02-18,Tesla,max,0.06037044374,,0
2025-02-18,Tesla,min,-0.1865590333,,0
2025-02-18,Crude Oil,Price move year-to-date,0.001533742331,0.20%,10
2025-02-18,Crude Oil,max,0.0974623536,,0
2025-02-18,Crude Oil,min,-0.01547685443,,0
2025-02-19,Gold,Price move year-to-date,0.1186139677,11.90%,10
2025-02-19,Gold,max,0.1186139677,,0
2025-02-19,Gold,min,0,,0
2025-02-19,European Stocks,Price move year-to-date,0.09957460217,10%,10
2025-02-19,European Stocks,max,0.1137545297,,0
2025-02-19,European Stocks,min,-0.006302190011,,0
2025-02-19,China Large Cap Stocks,Price move year-to-date,0.1514454665,15.10%,10
2025-02-19,China Large Cap Stocks,max,0.1596583443,,0
2025-02-19,China Large Cap Stocks,min,-0.05880420499,,0
2025-02-19,Bitcoin,Price move year-to-date,0.03165791847,3.20%,10
2025-02-19,Bitcoin,max,0.1426293332,,0
2025-02-19,Bitcoin,min,0,,0
2025-02-19,Emerging Market Stocks,Price move year-to-date,0.06695361071,6.70%,10
2025-02-19,Emerging Market Stocks,max,0.06862745098,,0
2025-02-19,Emerging Market Stocks,min,-0.02415112386,,0
2025-02-19,US 10-year Bonds,Price move year-to-date,0.005624661979,0.60%,10
2025-02-19,US 10-year Bonds,max,0.01200648999,,0
2025-02-19,US 10-year Bonds,min,-0.0138453218,,0
2025-02-19,Nvidia,Price move year-to-date,0.03678606002,3.70%,10
2025-02-19,Nvidia,max,0.1127410827,,0
2025-02-19,Nvidia,min,-0.1312830442,,0
2025-02-19,US Large Cap Stocks,Price move year-to-date,0.0446338855,4.50%,10
2025-02-19,US Large Cap Stocks,max,0.0446338855,,0
2025-02-19,US Large Cap Stocks,min,-0.009281440689,,0
2025-02-19,US dollar,Price move year-to-date,-0.00713800136,-0.70%,10
2025-02-19,US dollar,max,0.01461590755,,0
2025-02-19,US dollar,min,-0.0101971448,,0
2025-02-19,US Small Cap Stocks,Price move year-to-date,0.02475561188,2.50%,10
2025-02-19,US Small Cap Stocks,max,0.03996198407,,0
2025-02-19,US Small Cap Stocks,min,-0.01869116582,,0
2025-02-19,Tesla,Price move year-to-date,-0.1071711569,-10.70%,10
2025-02-19,Tesla,max,0.06037044374,,0
2025-02-19,Tesla,min,-0.1865590333,,0
2025-02-19,Crude Oil,Price move year-to-date,0.005298382599,0.50%,10
2025-02-19,Crude Oil,max,0.0974623536,,0
2025-02-19,Crude Oil,min,-0.01547685443,,0
2025-02-20,Gold,Price move year-to-date,0.1191921695,11.90%,10
2025-02-20,Gold,max,0.1191921695,,0
2025-02-20,Gold,min,0,,0
2025-02-20,European Stocks,Price move year-to-date,0.1063494564,10.60%,10
2025-02-20,European Stocks,max,0.1137545297,,0
2025-02-20,European Stocks,min,-0.006302190011,,0
2025-02-20,China Large Cap Stocks,Price move year-to-date,0.1737844941,17.40%,10
2025-02-20,China Large Cap Stocks,max,0.1737844941,,0
2025-02-20,China Large Cap Stocks,min,-0.05880420499,,0
2025-02-20,Bitcoin,Price move year-to-date,0.05260920069,5.30%,10
2025-02-20,Bitcoin,max,0.1426293332,,0
2025-02-20,Bitcoin,min,0,,0
2025-02-20,Emerging Market Stocks,Price move year-to-date,0.07675753228,7.70%,10
2025-02-20,Emerging Market Stocks,max,0.07675753228,,0
2025-02-20,Emerging Market Stocks,min,-0.02415112386,,0
2025-02-20,US 10-year Bonds,Price move year-to-date,0.007679826933,0.80%,10
2025-02-20,US 10-year Bonds,max,0.01200648999,,0
2025-02-20,US 10-year Bonds,min,-0.0138453218,,0
2025-02-20,Nvidia,Price move year-to-date,0.04333904237,4.30%,10
2025-02-20,Nvidia,max,0.1127410827,,0
2025-02-20,Nvidia,min,-0.1312830442,,0
2025-02-20,US Large Cap Stocks,Price move year-to-date,0.04010622906,4%,10
2025-02-20,US Large Cap Stocks,max,0.0446338855,,0
2025-02-20,US Large Cap Stocks,min,-0.009281440689,,0
2025-02-20,US dollar,Price move year-to-date,-0.01495581237,-1.50%,10
2025-02-20,US dollar,max,0.01461590755,,0
2025-02-20,US dollar,min,-0.01495581237,,0
2025-02-20,US Small Cap Stocks,Price move year-to-date,0.01493482983,1.50%,10
2025-02-20,US Small Cap Stocks,max,0.03996198407,,0
2025-02-20,US Small Cap Stocks,min,-0.01869116582,,0
2025-02-20,Tesla,Price move year-to-date,-0.1224247227,-12.20%,10
2025-02-20,Tesla,max,0.06037044374,,0
2025-02-20,Tesla,min,-0.1865590333,,0
2025-02-20,Crude Oil,Price move year-to-date,0.0105967652,1.10%,10
2025-02-20,Crude Oil,max,0.0974623536,,0
2025-02-20,Crude Oil,min,-0.01547685443,,0
2025-02-21,Gold,Price move year-to-date,0.1181596663,11.80%,10
2025-02-21,Gold,max,0.1191921695,,0
2025-02-21,Gold,min,0,,0
2025-02-21,European Stocks,Price move year-to-date,0.1017803687,10.20%,10
2025-02-21,European Stocks,max,0.1137545297,,0
2025-02-21,European Stocks,min,-0.006302190011,,0
2025-02-21,China Large Cap Stocks,Price move year-to-date,0.1905387648,19.10%,10
2025-02-21,China Large Cap Stocks,max,0.1905387648,,0
2025-02-21,China Large Cap Stocks,min,-0.05880420499,,0
2025-02-21,Bitcoin,Price move year-to-date,0.06350277633,6.40%,10
2025-02-21,Bitcoin,max,0.1426293332,,0
2025-02-21,Bitcoin,min,0,,0
2025-02-21,Emerging Market Stocks,Price move year-to-date,0.07364897178,7.40%,10
2025-02-21,Emerging Market Stocks,max,0.07675753228,,0
2025-02-21,Emerging Market Stocks,min,-0.02415112386,,0
2025-02-21,US 10-year Bonds,Price move year-to-date,0.01362898864,1.40%,10
2025-02-21,US 10-year Bonds,max,0.01362898864,,0
2025-02-21,US 10-year Bonds,min,-0.0138453218,,0
2025-02-21,Nvidia,Price move year-to-date,0.00104251992,0.10%,10
2025-02-21,Nvidia,max,0.1127410827,,0
2025-02-21,Nvidia,min,-0.1312830442,,0
2025-02-21,US Large Cap Stocks,Price move year-to-date,0.02235774777,2.20%,10
2025-02-21,US Large Cap Stocks,max,0.0446338855,,0
2025-02-21,US Large Cap Stocks,min,-0.009281440689,,0
2025-02-21,US dollar,Price move year-to-date,-0.01155676411,-1.20%,10
2025-02-21,US dollar,max,0.01461590755,,0
2025-02-21,US dollar,min,-0.01495581237,,0
2025-02-21,US Small Cap Stocks,Price move year-to-date,-0.01430123099,-1.40%,10
2025-02-21,US Small Cap Stocks,max,0.03996198407,,0
2025-02-21,US Small Cap Stocks,min,-0.01869116582,,0
2025-02-21,Tesla,Price move year-to-date,-0.1635301109,-16.40%,10
2025-02-21,Tesla,max,0.06037044374,,0
2025-02-21,Tesla,min,-0.1865590333,,0
2025-02-21,Crude Oil,Price move year-to-date,-0.01840490798,-1.80%,10
2025-02-21,Crude Oil,max,0.0974623536,,0
2025-02-21,Crude Oil,min,-0.01840490798,,0
2025-02-24,Gold,Price move year-to-date,0.1242307851,12.40%,10
2025-02-24,Gold,max,0.1242307851,,0
2025-02-24,Gold,min,0,,0
2025-02-24,European Stocks,Price move year-to-date,0.1017803687,10.20%,10
2025-02-24,European Stocks,max,0.1137545297,,0
2025-02-24,European Stocks,min,-0.006302190011,,0
2025-02-24,China Large Cap Stocks,Price move year-to-date,0.1507884363,15.10%,10
2025-02-24,China Large Cap Stocks,max,0.1905387648,,0
2025-02-24,China Large Cap Stocks,min,-0.05880420499,,0
2025-02-24,Bitcoin,Price move year-to-date,0.03134498174,3.10%,10
2025-02-24,Bitcoin,max,0.1426293332,,0
2025-02-24,Bitcoin,min,0,,0
2025-02-24,Emerging Market Stocks,Price move year-to-date,0.05714968914,5.70%,10
2025-02-24,Emerging Market Stocks,max,0.07675753228,,0
2025-02-24,Emerging Market Stocks,min,-0.02415112386,,0
2025-02-24,US 10-year Bonds,Price move year-to-date,0.01579232017,1.60%,10
2025-02-24,US 10-year Bonds,max,0.01579232017,,0
2025-02-24,US 10-year Bonds,min,-0.0138453218,,0
2025-02-24,Nvidia,Price move year-to-date,-0.02986074913,-3%,10
2025-02-24,Nvidia,max,0.1127410827,,0
2025-02-24,Nvidia,min,-0.1312830442,,0
2025-02-24,US Large Cap Stocks,Price move year-to-date,0.01727752341,1.70%,10
2025-02-24,US Large Cap Stocks,max,0.0446338855,,0
2025-02-24,US Large Cap Stocks,min,-0.009281440689,,0
2025-02-24,US dollar,Price move year-to-date,-0.01087695445,-1.10%,10
2025-02-24,US dollar,max,0.01461590755,,0
2025-02-24,US dollar,min,-0.01495581237,,0
2025-02-24,US Small Cap Stocks,Price move year-to-date,-0.02140658943,-2.10%,10
2025-02-24,US Small Cap Stocks,max,0.03996198407,,0
2025-02-24,US Small Cap Stocks,min,-0.02140658943,,0
2025-02-24,Tesla,Price move year-to-date,-0.18153229,-18.20%,10
2025-02-24,Tesla,max,0.06037044374,,0
2025-02-24,Tesla,min,-0.1865590333,,0
2025-02-24,Crude Oil,Price move year-to-date,-0.01422197434,-1.40%,10
2025-02-24,Crude Oil,max,0.0974623536,,0
2025-02-24,Crude Oil,min,-0.01840490798,,0
2025-02-25,Gold,Price move year-to-date,0.1094040392,10.90%,10
2025-02-25,Gold,max,0.1242307851,,0
2025-02-25,Gold,min,0,,0
2025-02-25,European Stocks,Price move year-to-date,0.1142271939,11.40%,10
2025-02-25,European Stocks,max,0.1142271939,,0
2025-02-25,European Stocks,min,-0.006302190011,,0
2025-02-25,China Large Cap Stocks,Price move year-to-date,0.1622864652,16.20%,10
2025-02-25,China Large Cap Stocks,max,0.1905387648,,0
2025-02-25,China Large Cap Stocks,min,-0.05880420499,,0
2025-02-25,Bitcoin,Price move year-to-date,-0.003428015729,-0.30%,10
2025-02-25,Bitcoin,max,0.1426293332,,0
2025-02-25,Bitcoin,min,-0.003428015729,,0
2025-02-25,Emerging Market Stocks,Price move year-to-date,0.05786704926,5.80%,10
2025-02-25,Emerging Market Stocks,max,0.07675753228,,0
2025-02-25,Emerging Market Stocks,min,-0.02415112386,,0
2025-02-25,US 10-year Bonds,Price move year-to-date,0.02379664684,2.40%,10
2025-02-25,US 10-year Bonds,max,0.02379664684,,0
2025-02-25,US 10-year Bonds,min,-0.0138453218,,0
2025-02-25,Nvidia,Price move year-to-date,-0.05704073274,-5.70%,10
2025-02-25,Nvidia,max,0.1127410827,,0
2025-02-25,Nvidia,min,-0.1312830442,,0
2025-02-25,US Large Cap Stocks,Price move year-to-date,0.01251693833,1.30%,10
2025-02-25,US Large Cap Stocks,max,0.0446338855,,0
2025-02-25,US Large Cap Stocks,min,-0.009281440689,,0
2025-02-25,US dollar,Price move year-to-date,-0.01461590755,-1.50%,10
2025-02-25,US dollar,max,0.01461590755,,0
2025-02-25,US dollar,min,-0.01495581237,,0
2025-02-25,US Small Cap Stocks,Price move year-to-date,-0.02511766836,-2.50%,10
2025-02-25,US Small Cap Stocks,max,0.03996198407,,0
2025-02-25,US Small Cap Stocks,min,-0.02511766836,,0
2025-02-25,Tesla,Price move year-to-date,-0.2501980983,-25%,10
2025-02-25,Tesla,max,0.06037044374,,0
2025-02-25,Tesla,min,-0.2501980983,,0
2025-02-25,Crude Oil,Price move year-to-date,-0.03890128277,-3.90%,10
2025-02-25,Crude Oil,max,0.0974623536,,0
2025-02-25,Crude Oil,min,-0.03890128277,,0
2025-02-26,Gold,Price move year-to-date,0.1110973444,11.10%,10
2025-02-26,Gold,max,0.1242307851,,0
2025-02-26,Gold,min,0,,0
2025-02-26,European Stocks,Price move year-to-date,0.115487632,11.50%,10
2025-02-26,European Stocks,max,0.115487632,,0
2025-02-26,European Stocks,min,-0.006302190011,,0
2025-02-26,China Large Cap Stocks,Price move year-to-date,0.197109067,19.70%,10
2025-02-26,China Large Cap Stocks,max,0.197109067,,0
2025-02-26,China Large Cap Stocks,min,-0.05880420499,,0
2025-02-26,Bitcoin,Price move year-to-date,-0.03876334676,-3.90%,10
2025-02-26,Bitcoin,max,0.1426293332,,0
2025-02-26,Bitcoin,min,-0.03876334676,,0
2025-02-26,Emerging Market Stocks,Price move year-to-date,0.06838833094,6.80%,10
2025-02-26,Emerging Market Stocks,max,0.07675753228,,0
2025-02-26,Emerging Market Stocks,min,-0.02415112386,,0
2025-02-26,US 10-year Bonds,Price move year-to-date,0.02660897783,2.70%,10
2025-02-26,US 10-year Bonds,max,0.02660897783,,0
2025-02-26,US 10-year Bonds,min,-0.0138453218,,0
2025-02-26,Nvidia,Price move year-to-date,-0.02241417827,-2.20%,10
2025-02-26,Nvidia,max,0.1127410827,,0
2025-02-26,Nvidia,min,-0.1312830442,,0
2025-02-26,US Large Cap Stocks,Price move year-to-date,0.01265465526,1.30%,10
2025-02-26,US Large Cap Stocks,max,0.0446338855,,0
2025-02-26,US Large Cap Stocks,min,-0.009281440689,,0
2025-02-26,US dollar,Price move year-to-date,-0.01257647859,-1.30%,10
2025-02-26,US dollar,max,0.01461590755,,0
2025-02-26,US dollar,min,-0.01495581237,,0
2025-02-26,US Small Cap Stocks,Price move year-to-date,-0.02389572773,-2.40%,10
2025-02-26,US Small Cap Stocks,max,0.03996198407,,0
2025-02-26,US Small Cap Stocks,min,-0.02511766836,,0
2025-02-26,Tesla,Price move year-to-date,-0.2799128368,-28%,10
2025-02-26,Tesla,max,0.06037044374,,0
2025-02-26,Tesla,min,-0.2799128368,,0
2025-02-26,Crude Oil,Price move year-to-date,-0.04322364752,-4.30%,10
2025-02-26,Crude Oil,max,0.0974623536,,0
2025-02-26,Crude Oil,min,-0.04322364752,,0
2025-02-27,Gold,Price move year-to-date,0.09416429191,9.40%,10
2025-02-27,Gold,max,0.1242307851,,0
2025-02-27,Gold,min,0,,0
2025-02-27,European Stocks,Price move year-to-date,0.1000472664,10%,10
2025-02-27,European Stocks,max,0.115487632,,0
2025-02-27,European Stocks,min,-0.006302190011,,0
2025-02-27,China Large Cap Stocks,Price move year-to-date,0.1842969777,18.40%,10
2025-02-27,China Large Cap Stocks,max,0.197109067,,0
2025-02-27,China Large Cap Stocks,min,-0.05880420499,,0
2025-02-27,Bitcoin,Price move year-to-date,-0.07893128262,-7.90%,10
2025-02-27,Bitcoin,max,0.1426293332,,0
2025-02-27,Bitcoin,min,-0.07893128262,,0
2025-02-27,Emerging Market Stocks,Price move year-to-date,0.04758488761,4.80%,10
2025-02-27,Emerging Market Stocks,max,0.07675753228,,0
2025-02-27,Emerging Market Stocks,min,-0.02415112386,,0
2025-02-27,US 10-year Bonds,Price move year-to-date,0.02541914548,2.50%,10
2025-02-27,US 10-year Bonds,max,0.02660897783,,0
2025-02-27,US 10-year Bonds,min,-0.0138453218,,0
2025-02-27,Nvidia,Price move year-to-date,-0.1052945119,-10.50%,10
2025-02-27,Nvidia,max,0.1127410827,,0
2025-02-27,Nvidia,min,-0.1312830442,,0
2025-02-27,US Large Cap Stocks,Price move year-to-date,-0.003410619165,-0.30%,10
2025-02-27,US Large Cap Stocks,max,0.0446338855,,0
2025-02-27,US Large Cap Stocks,min,-0.009281440689,,0
2025-02-27,US dollar,Price move year-to-date,-0.005438477226,-0.50%,10
2025-02-27,US dollar,max,0.01461590755,,0
2025-02-27,US dollar,min,-0.01495581237,,0
2025-02-27,US Small Cap Stocks,Price move year-to-date,-0.03878530051,-3.90%,10
2025-02-27,US Small Cap Stocks,max,0.03996198407,,0
2025-02-27,US Small Cap Stocks,min,-0.03878530051,,0
2025-02-27,Tesla,Price move year-to-date,-0.3018274564,-30.20%,10
2025-02-27,Tesla,max,0.06037044374,,0
2025-02-27,Tesla,min,-0.3018274564,,0
2025-02-27,Crude Oil,Price move year-to-date,-0.01910206358,-1.90%,10
2025-02-27,Crude Oil,max,0.0974623536,,0
2025-02-27,Crude Oil,min,-0.04322364752,,0
2025-02-28,Gold,Price move year-to-date,0.08730847066,8.70%,10
2025-02-28,Gold,max,0.1242307851,,0
2025-02-28,Gold,min,0,,0
2025-02-28,European Stocks,Price move year-to-date,0.1060343469,10.60%,10
2025-02-28,European Stocks,max,0.115487632,,0
2025-02-28,European Stocks,min,-0.006302190011,,0
2025-02-28,China Large Cap Stocks,Price move year-to-date,0.1573587385,15.70%,10
2025-02-28,China Large Cap Stocks,max,0.197109067,,0
2025-02-28,China Large Cap Stocks,min,-0.05880420499,,0
2025-02-28,Bitcoin,Price move year-to-date,-0.1299633514,-13%,10
2025-02-28,Bitcoin,max,0.1426293332,,0
2025-02-28,Bitcoin,min,-0.1299633514,,0
2025-02-28,Emerging Market Stocks,Price move year-to-date,0.03323768532,3.30%,10
2025-02-28,Emerging Market Stocks,max,0.07675753228,,0
2025-02-28,Emerging Market Stocks,min,-0.02415112386,,0
2025-02-28,US 10-year Bonds,Price move year-to-date,0.03104380746,3.10%,10
2025-02-28,US 10-year Bonds,max,0.03104380746,,0
2025-02-28,US 10-year Bonds,min,-0.0138453218,,0
2025-02-28,Nvidia,Price move year-to-date,-0.0697743689,-7%,10
2025-02-28,Nvidia,max,0.1127410827,,0
2025-02-28,Nvidia,min,-0.1312830442,,0
2025-02-28,US Large Cap Stocks,Price move year-to-date,0.01238942266,1.20%,10
2025-02-28,US Large Cap Stocks,max,0.0446338855,,0
2025-02-28,US Large Cap Stocks,min,-0.009281440689,,0
2025-02-28,US dollar,Price move year-to-date,-0.00101971448,-0.10%,10
2025-02-28,US dollar,max,0.01461590755,,0
2025-02-28,US dollar,min,-0.01495581237,,0
2025-02-28,US Small Cap Stocks,Price move year-to-date,-0.02855720492,-2.90%,10
2025-02-28,US Small Cap Stocks,max,0.03996198407,,0
2025-02-28,US Small Cap Stocks,min,-0.03878530051,,0
2025-02-28,Tesla,Price move year-to-date,-0.2745146593,-27.50%,10
2025-02-28,Tesla,max,0.06037044374,,0
2025-02-28,Tesla,min,-0.3018274564,,0
2025-02-28,Crude Oil,Price move year-to-date,-0.02732849972,-2.70%,10
2025-02-28,Crude Oil,max,0.0974623536,,0
2025-02-28,Crude Oil,min,-0.04322364752,,0
2025-03-03,Gold,Price move year-to-date,0.1016396151,10.20%,10
2025-03-03,Gold,max,0.1242307851,,0
2025-03-03,Gold,min,0,,0
2025-03-03,European Stocks,Price move year-to-date,0.1208444935,12.10%,10
2025-03-03,European Stocks,max,0.1208444935,,0
2025-03-03,European Stocks,min,-0.006302190011,,0
2025-03-03,China Large Cap Stocks,Price move year-to-date,0.1337056505,13.40%,10
2025-03-03,China Large Cap Stocks,max,0.197109067,,0
2025-03-03,China Large Cap Stocks,min,-0.05880420499,,0
2025-03-03,Bitcoin,Price move year-to-date,0.004959792879,0.50%,10
2025-03-03,Bitcoin,max,0.1426293332,,0
2025-03-03,Bitcoin,min,-0.1299633514,,0
2025-03-03,Emerging Market Stocks,Price move year-to-date,0.02415112386,2.40%,10
2025-03-03,Emerging Market Stocks,max,0.07675753228,,0
2025-03-03,Emerging Market Stocks,min,-0.02415112386,,0
2025-03-03,US 10-year Bonds,Price move year-to-date,0.0318009735,3.20%,10
2025-03-03,US 10-year Bonds,max,0.0318009735,,0
2025-03-03,US 10-year Bonds,min,-0.0138453218,,0
2025-03-03,Nvidia,Price move year-to-date,-0.1506441284,-15.10%,10
2025-03-03,Nvidia,max,0.1127410827,,0
2025-03-03,Nvidia,min,-0.1506441284,,0
2025-03-03,US Large Cap Stocks,Price move year-to-date,-0.005425366778,-0.50%,10
2025-03-03,US Large Cap Stocks,max,0.0446338855,,0
2025-03-03,US Large Cap Stocks,min,-0.009281440689,,0
2025-03-03,US dollar,Price move year-to-date,-0.01053704963,-1.10%,10
2025-03-03,US dollar,max,0.01461590755,,0
2025-03-03,US dollar,min,-0.01495581237,,0
2025-03-03,US Small Cap Stocks,Price move year-to-date,-0.0551230992,-5.50%,10
2025-03-03,US Small Cap Stocks,max,0.03996198407,,0
2025-03-03,US Small Cap Stocks,min,-0.0551230992,,0
2025-03-03,Tesla,Price move year-to-date,-0.2951416403,-29.50%,10
2025-03-03,Tesla,max,0.06037044374,,0
2025-03-03,Tesla,min,-0.3018274564,,0
2025-03-03,Crude Oil,Price move year-to-date,-0.04670942554,-4.70%,10
2025-03-03,Crude Oil,max,0.0974623536,,0
2025-03-03,Crude Oil,min,-0.04670942554,,0
2025-03-04,Gold,Price move year-to-date,0.1112212448,11.10%,10
2025-03-04,Gold,max,0.1242307851,,0
2025-03-04,Gold,min,0,,0
2025-03-04,European Stocks,Price move year-to-date,0.1225775957,12.30%,10
2025-03-04,European Stocks,max,0.1225775957,,0
2025-03-04,European Stocks,min,-0.006302190011,,0
2025-03-04,China Large Cap Stocks,Price move year-to-date,0.1511169514,15.10%,10
2025-03-04,China Large Cap Stocks,max,0.197109067,,0
2025-03-04,China Large Cap Stocks,min,-0.05880420499,,0
2025-03-04,Bitcoin,Price move year-to-date,-0.09594926073,-9.60%,10
2025-03-04,Bitcoin,max,0.1426293332,,0
2025-03-04,Bitcoin,min,-0.1299633514,,0
2025-03-04,Emerging Market Stocks,Price move year-to-date,0.03275944524,3.30%,10
2025-03-04,Emerging Market Stocks,max,0.07675753228,,0
2025-03-04,Emerging Market Stocks,min,-0.02415112386,,0
2025-03-04,US 10-year Bonds,Price move year-to-date,0.0285559762,2.90%,10
2025-03-04,US 10-year Bonds,max,0.0318009735,,0
2025-03-04,US 10-year Bonds,min,-0.0138453218,,0
2025-03-04,Nvidia,Price move year-to-date,-0.1362722466,-13.60%,10
2025-03-04,Nvidia,max,0.1127410827,,0
2025-03-04,Nvidia,min,-0.1506441284,,0
2025-03-04,US Large Cap Stocks,Price move year-to-date,-0.01759376227,-1.80%,10
2025-03-04,US Large Cap Stocks,max,0.0446338855,,0
2025-03-04,US Large Cap Stocks,min,-0.01759376227,,0
2025-03-04,US dollar,Price move year-to-date,-0.01937457512,-1.90%,10
2025-03-04,US dollar,max,0.01461590755,,0
2025-03-04,US dollar,min,-0.01937457512,,0
2025-03-04,US Small Cap Stocks,Price move year-to-date,-0.06580376539,-6.60%,10
2025-03-04,US Small Cap Stocks,max,0.03996198407,,0
2025-03-04,US Small Cap Stocks,min,-0.06580376539,,0
2025-03-04,Tesla,Price move year-to-date,-0.326366878,-32.60%,10
2025-03-04,Tesla,max,0.06037044374,,0
2025-03-04,Tesla,min,-0.326366878,,0
2025-03-04,Crude Oil,Price move year-to-date,-0.04824316788,-4.80%,10
2025-03-04,Crude Oil,max,0.0974623536,,0
2025-03-04,Crude Oil,min,-0.04824316788,,0
2025-03-05,Gold,Price move year-to-date,0.113534052,11.40%,10
2025-03-05,Gold,max,0.1242307851,,0
2025-03-05,Gold,min,0,,0
2025-03-05,European Stocks,Price move year-to-date,0.1515676698,15.20%,10
2025-03-05,European Stocks,max,0.1515676698,,0
2025-03-05,European Stocks,min,-0.006302190011,,0
2025-03-05,China Large Cap Stocks,Price move year-to-date,0.2086070959,20.90%,10
2025-03-05,China Large Cap Stocks,max,0.2086070959,,0
2025-03-05,China Large Cap Stocks,min,-0.05880420499,,0
2025-03-05,Bitcoin,Price move year-to-date,-0.05879108134,-5.90%,10
2025-03-05,Bitcoin,max,0.1426293332,,0
2025-03-05,Bitcoin,min,-0.1299633514,,0
2025-03-05,Emerging Market Stocks,Price move year-to-date,0.06360593018,6.40%,10
2025-03-05,Emerging Market Stocks,max,0.07675753228,,0
2025-03-05,Emerging Market Stocks,min,-0.02415112386,,0
2025-03-05,US 10-year Bonds,Price move year-to-date,0.02282314765,2.30%,10
2025-03-05,US 10-year Bonds,max,0.0318009735,,0
2025-03-05,US 10-year Bonds,min,-0.0138453218,,0
2025-03-05,Nvidia,Price move year-to-date,-0.1265172388,-12.70%,10
2025-03-05,Nvidia,max,0.1127410827,,0
2025-03-05,Nvidia,min,-0.1506441284,,0
2025-03-05,US Large Cap Stocks,Price move year-to-date,-0.006630814927,-0.70%,10
2025-03-05,US Large Cap Stocks,max,0.0446338855,,0
2025-03-05,US Large Cap Stocks,min,-0.01759376227,,0
2025-03-05,US dollar,Price move year-to-date,-0.03127124405,-3.10%,10
2025-03-05,US dollar,max,0.01461590755,,0
2025-03-05,US dollar,min,-0.03127124405,,0
2025-03-05,US Small Cap Stocks,Price move year-to-date,-0.05652606807,-5.70%,10
2025-03-05,US Small Cap Stocks,max,0.03996198407,,0
2025-03-05,US Small Cap Stocks,min,-0.06580376539,,0
2025-03-05,Tesla,Price move year-to-date,-0.3088847068,-30.90%,10
2025-03-05,Tesla,max,0.06037044374,,0
2025-03-05,Tesla,min,-0.326366878,,0
2025-03-05,Crude Oil,Price move year-to-date,-0.07543223648,-7.50%,10
2025-03-05,Crude Oil,max,0.0974623536,,0
2025-03-05,Crude Oil,min,-0.07543223648,,0
2025-03-06,Gold,Price move year-to-date,0.1078759344,10.80%,10
2025-03-06,Gold,max,0.1242307851,,0
2025-03-06,Gold,min,0,,0
2025-03-06,European Stocks,Price move year-to-date,0.1389632897,13.90%,10
2025-03-06,European Stocks,max,0.1515676698,,0
2025-03-06,European Stocks,min,-0.006302190011,,0
2025-03-06,China Large Cap Stocks,Price move year-to-date,0.2145203679,21.50%,10
2025-03-06,China Large Cap Stocks,max,0.2145203679,,0
2025-03-06,China Large Cap Stocks,min,-0.05880420499,,0
2025-03-06,Bitcoin,Price move year-to-date,-0.001196217178,-0.10%,10
2025-03-06,Bitcoin,max,0.1426293332,,0
2025-03-06,Bitcoin,min,-0.1299633514,,0
2025-03-06,Emerging Market Stocks,Price move year-to-date,0.05691056911,5.70%,10
2025-03-06,Emerging Market Stocks,max,0.07675753228,,0
2025-03-06,Emerging Market Stocks,min,-0.02415112386,,0
2025-03-06,US 10-year Bonds,Price move year-to-date,0.02228231476,2.20%,10
2025-03-06,US 10-year Bonds,max,0.0318009735,,0
2025-03-06,US 10-year Bonds,min,-0.0138453218,,0
2025-03-06,Nvidia,Price move year-to-date,-0.1766326607,-17.70%,10
2025-03-06,Nvidia,max,0.1127410827,,0
2025-03-06,Nvidia,min,-0.1766326607,,0
2025-03-06,US Large Cap Stocks,Price move year-to-date,-0.02433169036,-2.40%,10
2025-03-06,US Large Cap Stocks,max,0.0446338855,,0
2025-03-06,US Large Cap Stocks,min,-0.02433169036,,0
2025-03-06,US dollar,Price move year-to-date,-0.0319510537,-3.20%,10
2025-03-06,US dollar,max,0.01461590755,,0
2025-03-06,US dollar,min,-0.0319510537,,0
2025-03-06,US Small Cap Stocks,Price move year-to-date,-0.07096307024,-7.10%,10
2025-03-06,US Small Cap Stocks,max,0.03996198407,,0
2025-03-06,US Small Cap Stocks,min,-0.07096307024,,0
2025-03-06,Tesla,Price move year-to-date,-0.3476376783,-34.80%,10
2025-03-06,Tesla,max,0.06037044374,,0
2025-03-06,Tesla,min,-0.3476376783,,0
2025-03-06,Crude Oil,Price move year-to-date,-0.07473508087,-7.50%,10
2025-03-06,Crude Oil,max,0.0974623536,,0
2025-03-06,Crude Oil,min,-0.07543223648,,0
2025-03-07,Gold,Price move year-to-date,0.1084541362,10.80%,10
2025-03-07,Gold,max,0.1242307851,,0
2025-03-07,Gold,min,0,,0
2025-03-07,European Stocks,Price move year-to-date,0.1555065385,15.60%,10
2025-03-07,European Stocks,max,0.1555065385,,0
2025-03-07,European Stocks,min,-0.006302190011,,0
2025-03-07,China Large Cap Stocks,Price move year-to-date,0.2141918528,21.40%,10
2025-03-07,China Large Cap Stocks,max,0.2145203679,,0
2025-03-07,China Large Cap Stocks,min,-0.05880420499,,0
2025-03-07,Bitcoin,Price move year-to-date,-0.05067485981,-5.10%,10
2025-03-07,Bitcoin,max,0.1426293332,,0
2025-03-07,Bitcoin,min,-0.1299633514,,0
2025-03-07,Emerging Market Stocks,Price move year-to-date,0.06217120995,6.20%,10
2025-03-07,Emerging Market Stocks,max,0.07675753228,,0
2025-03-07,Emerging Market Stocks,min,-0.02415112386,,0
2025-03-07,US 10-year Bonds,Price move year-to-date,0.02098431585,2.10%,10
2025-03-07,US 10-year Bonds,max,0.0318009735,,0
2025-03-07,US 10-year Bonds,min,-0.0138453218,,0
2025-03-07,Nvidia,Price move year-to-date,-0.1608459304,-16.10%,10
2025-03-07,Nvidia,max,0.1127410827,,0
2025-03-07,Nvidia,min,-0.1766326607,,0
2025-03-07,US Large Cap Stocks,Price move year-to-date,-0.01894542839,-1.90%,10
2025-03-07,US Large Cap Stocks,max,0.0446338855,,0
2025-03-07,US Large Cap Stocks,min,-0.02433169036,,0
2025-03-07,US dollar,Price move year-to-date,-0.03501019714,-3.50%,10
2025-03-07,US dollar,max,0.01461590755,,0
2025-03-07,US dollar,min,-0.03501019714,,0
2025-03-07,US Small Cap Stocks,Price move year-to-date,-0.06793084721,-6.80%,10
2025-03-07,US Small Cap Stocks,max,0.03996198407,,0
2025-03-07,US Small Cap Stocks,min,-0.07096307024,,0
2025-03-07,Tesla,Price move year-to-date,-0.3495691363,-35%,10
2025-03-07,Tesla,max,0.06037044374,,0
2025-03-07,Tesla,min,-0.3495691363,,0
2025-03-07,Crude Oil,Price move year-to-date,-0.06525376464,-6.50%,10
2025-03-07,Crude Oil,max,0.0974623536,,0
2025-03-07,Crude Oil,min,-0.07543223648,,0
2025-03-10,Gold,Price move year-to-date,0.09874860612,9.90%,10
2025-03-10,Gold,max,0.1242307851,,0
2025-03-10,Gold,min,0,,0
2025-03-10,European Stocks,Price move year-to-date,0.1266740192,12.70%,10
2025-03-10,European Stocks,max,0.1555065385,,0
2025-03-10,European Stocks,min,-0.006302190011,,0
2025-03-10,China Large Cap Stocks,Price move year-to-date,0.1816688568,18.20%,10
2025-03-10,China Large Cap Stocks,max,0.2145203679,,0
2025-03-10,China Large Cap Stocks,min,-0.05880420499,,0
2025-03-10,Bitcoin,Price move year-to-date,-0.1112336927,-11.10%,10
2025-03-10,Bitcoin,max,0.1426293332,,0
2025-03-10,Bitcoin,min,-0.1299633514,,0
2025-03-10,Emerging Market Stocks,Price move year-to-date,0.03682448589,3.70%,10
2025-03-10,Emerging Market Stocks,max,0.07675753228,,0
2025-03-10,Emerging Market Stocks,min,-0.02415112386,,0
2025-03-10,US 10-year Bonds,Price move year-to-date,0.0281233099,2.80%,10
2025-03-10,US 10-year Bonds,max,0.0318009735,,0
2025-03-10,US 10-year Bonds,min,-0.0138453218,,0
2025-03-10,Nvidia,Price move year-to-date,-0.20336585,-20.30%,10
2025-03-10,Nvidia,max,0.1127410827,,0
2025-03-10,Nvidia,min,-0.20336585,,0
2025-03-10,US Large Cap Stocks,Price move year-to-date,-0.04540748058,-4.50%,10
2025-03-10,US Large Cap Stocks,max,0.0446338855,,0
2025-03-10,US Large Cap Stocks,min,-0.04540748058,,0
2025-03-10,US dollar,Price move year-to-date,-0.03433038749,-3.40%,10
2025-03-10,US dollar,max,0.01461590755,,0
2025-03-10,US dollar,min,-0.03501019714,,0
2025-03-10,US Small Cap Stocks,Price move year-to-date,-0.09137400434,-9.10%,10
2025-03-10,US Small Cap Stocks,max,0.03996198407,,0
2025-03-10,US Small Cap Stocks,min,-0.09137400434,,0
2025-03-10,Tesla,Price move year-to-date,-0.4499059033,-45%,10
2025-03-10,Tesla,max,0.06037044374,,0
2025-03-10,Tesla,min,-0.4499059033,,0
2025-03-10,Crude Oil,Price move year-to-date,-0.07933630786,-7.90%,10
2025-03-10,Crude Oil,max,0.0974623536,,0
2025-03-10,Crude Oil,min,-0.07933630786,,0
2025-03-11,Gold,Price move year-to-date,0.1116342461,11.20%,10
2025-03-11,Gold,max,0.1242307851,,0
2025-03-11,Gold,min,0,,0
2025-03-11,European Stocks,Price move year-to-date,0.1241531432,12.40%,10
2025-03-11,European Stocks,max,0.1555065385,,0
2025-03-11,European Stocks,min,-0.006302190011,,0
2025-03-11,China Large Cap Stocks,Price move year-to-date,0.1954664915,19.50%,10
2025-03-11,China Large Cap Stocks,max,0.2145203679,,0
2025-03-11,China Large Cap Stocks,min,-0.05880420499,,0
2025-03-11,Bitcoin,Price move year-to-date,-0.1393810044,-13.90%,10
2025-03-11,Bitcoin,max,0.1426293332,,0
2025-03-11,Bitcoin,min,-0.1393810044,,0
2025-03-11,Emerging Market Stocks,Price move year-to-date,0.04543280727,4.50%,10
2025-03-11,Emerging Market Stocks,max,0.07675753228,,0
2025-03-11,Emerging Market Stocks,min,-0.02415112386,,0
2025-03-11,US 10-year Bonds,Price move year-to-date,0.0244456463,2.40%,10
2025-03-11,US 10-year Bonds,max,0.0318009735,,0
2025-03-11,US 10-year Bonds,min,-0.0138453218,,0
2025-03-11,Nvidia,Price move year-to-date,-0.1901109539,-19%,10
2025-03-11,Nvidia,max,0.1127410827,,0
2025-03-11,Nvidia,min,-0.20336585,,0
2025-03-11,US Large Cap Stocks,Price move year-to-date,-0.05263166843,-5.30%,10
2025-03-11,US Large Cap Stocks,max,0.0446338855,,0
2025-03-11,US Large Cap Stocks,min,-0.05263166843,,0
2025-03-11,US dollar,Price move year-to-date,-0.03976886472,-4%,10
2025-03-11,US dollar,max,0.01461590755,,0
2025-03-11,US dollar,min,-0.03976886472,,0
2025-03-11,US Small Cap Stocks,Price move year-to-date,-0.09146451846,-9.10%,10
2025-03-11,US Small Cap Stocks,max,0.03996198407,,0
2025-03-11,US Small Cap Stocks,min,-0.09146451846,,0
2025-03-11,Tesla,Price move year-to-date,-0.4290312995,-42.90%,10
2025-03-11,Tesla,max,0.06037044374,,0
2025-03-11,Tesla,min,-0.4499059033,,0
2025-03-11,Crude Oil,Price move year-to-date,-0.08073061907,-8.10%,10
2025-03-11,Crude Oil,max,0.0974623536,,0
2025-03-11,Crude Oil,min,-0.08073061907,,0
2025-03-12,Gold,Price move year-to-date,0.116466361,11.60%,10
2025-03-12,Gold,max,0.1242307851,,0
2025-03-12,Gold,min,0,,0
2025-03-12,European Stocks,Price move year-to-date,0.1277769025,12.80%,10
2025-03-12,European Stocks,max,0.1555065385,,0
2025-03-12,European Stocks,min,-0.006302190011,,0
2025-03-12,China Large Cap Stocks,Price move year-to-date,0.194152431,19.40%,10
2025-03-12,China Large Cap Stocks,max,0.2145203679,,0
2025-03-12,China Large Cap Stocks,min,-0.05880420499,,0
2025-03-12,Bitcoin,Price move year-to-date,-0.1102136987,-11%,10
2025-03-12,Bitcoin,max,0.1426293332,,0
2025-03-12,Bitcoin,min,-0.1393810044,,0
2025-03-12,Emerging Market Stocks,Price move year-to-date,0.05117168819,5.10%,10
2025-03-12,Emerging Market Stocks,max,0.07675753228,,0
2025-03-12,Emerging Market Stocks,min,-0.02415112386,,0
2025-03-12,US 10-year Bonds,Price move year-to-date,0.02141698215,2.10%,10
2025-03-12,US 10-year Bonds,max,0.0318009735,,0
2025-03-12,US 10-year Bonds,min,-0.0138453218,,0
2025-03-12,Nvidia,Price move year-to-date,-0.1381338893,-13.80%,10
2025-03-12,Nvidia,max,0.1127410827,,0
2025-03-12,Nvidia,min,-0.20336585,,0
2025-03-12,US Large Cap Stocks,Price move year-to-date,-0.04800199945,-4.80%,10
2025-03-12,US Large Cap Stocks,max,0.0446338855,,0
2025-03-12,US Large Cap Stocks,min,-0.05263166843,,0
2025-03-12,US dollar,Price move year-to-date,-0.03738953093,-3.70%,10
2025-03-12,US dollar,max,0.01461590755,,0
2025-03-12,US dollar,min,-0.03976886472,,0
2025-03-12,US Small Cap Stocks,Price move year-to-date,-0.08988052136,-9%,10
2025-03-12,US Small Cap Stocks,max,0.03996198407,,0
2025-03-12,US Small Cap Stocks,min,-0.09146451846,,0
2025-03-12,Tesla,Price move year-to-date,-0.3856725436,-38.60%,10
2025-03-12,Tesla,max,0.06037044374,,0
2025-03-12,Tesla,min,-0.4499059033,,0
2025-03-12,Crude Oil,Price move year-to-date,-0.06051310653,-6.10%,10
2025-03-12,Crude Oil,max,0.0974623536,,0
2025-03-12,Crude Oil,min,-0.08073061907,,0
2025-03-13,Gold,Price move year-to-date,0.1362904225,13.60%,10
2025-03-13,Gold,max,0.1362904225,,0
2025-03-13,Gold,min,0,,0
2025-03-13,European Stocks,Price move year-to-date,0.1184811722,11.80%,10
2025-03-13,European Stocks,max,0.1555065385,,0
2025-03-13,European Stocks,min,-0.006302190011,,0
2025-03-13,China Large Cap Stocks,Price move year-to-date,0.2020367937,20.20%,10
2025-03-13,China Large Cap Stocks,max,0.2145203679,,0
2025-03-13,China Large Cap Stocks,min,-0.05880420499,,0
2025-03-13,Bitcoin,Price move year-to-date,-0.09500612072,-9.50%,10
2025-03-13,Bitcoin,max,0.1426293332,,0
2025-03-13,Bitcoin,min,-0.1393810044,,0
2025-03-13,Emerging Market Stocks,Price move year-to-date,0.0468675275,4.70%,10
2025-03-13,Emerging Market Stocks,max,0.07675753228,,0
2025-03-13,Emerging Market Stocks,min,-0.02415112386,,0
2025-03-13,US 10-year Bonds,Price move year-to-date,0.02552731206,2.60%,10
2025-03-13,US 10-year Bonds,max,0.0318009735,,0
2025-03-13,US 10-year Bonds,min,-0.0138453218,,0
2025-03-13,Nvidia,Price move year-to-date,-0.1393253407,-13.90%,10
2025-03-13,Nvidia,max,0.1127410827,,0
2025-03-13,Nvidia,min,-0.20336585,,0
2025-03-13,US Large Cap Stocks,Price move year-to-date,-0.0612262247,-6.10%,10
2025-03-13,US Large Cap Stocks,max,0.0446338855,,0
2025-03-13,US Large Cap Stocks,min,-0.0612262247,,0
2025-03-13,US dollar,Price move year-to-date,-0.03399048266,-3.40%,10
2025-03-13,US dollar,max,0.01461590755,,0
2025-03-13,US dollar,min,-0.03976886472,,0
2025-03-13,US Small Cap Stocks,Price move year-to-date,-0.1034576394,-10.30%,10
2025-03-13,US Small Cap Stocks,max,0.03996198407,,0
2025-03-13,US Small Cap Stocks,min,-0.1034576394,,0
2025-03-13,Tesla,Price move year-to-date,-0.4040213946,-40.40%,10
2025-03-13,Tesla,max,0.06037044374,,0
2025-03-13,Tesla,min,-0.4499059033,,0
2025-03-13,Crude Oil,Price move year-to-date,-0.07598996096,-7.60%,10
2025-03-13,Crude Oil,max,0.0974623536,,0
2025-03-13,Crude Oil,min,-0.08073061907,,0
2025-03-14,Gold,Price move year-to-date,0.1367447239,13.70%,10
2025-03-14,Gold,max,0.1367447239,,0
2025-03-14,Gold,min,0,,0
2025-03-14,European Stocks,Price move year-to-date,0.1416417205,14.20%,10
2025-03-14,European Stocks,max,0.1555065385,,0
2025-03-14,European Stocks,min,-0.006302190011,,0
2025-03-14,China Large Cap Stocks,Price move year-to-date,0.2371879106,23.70%,10
2025-03-14,China Large Cap Stocks,max,0.2371879106,,0
2025-03-14,China Large Cap Stocks,min,-0.05880420499,,0
2025-03-14,Bitcoin,Price move year-to-date,-0.1137127232,-11.40%,10
2025-03-14,Bitcoin,max,0.1426293332,,0
2025-03-14,Bitcoin,min,-0.1393810044,,0
2025-03-14,Emerging Market Stocks,Price move year-to-date,0.06599713056,6.60%,10
2025-03-14,Emerging Market Stocks,max,0.07675753228,,0
2025-03-14,Emerging Market Stocks,min,-0.02415112386,,0
2025-03-14,US 10-year Bonds,Price move year-to-date,0.02195781504,2.20%,10
2025-03-14,US 10-year Bonds,max,0.0318009735,,0
2025-03-14,US 10-year Bonds,min,-0.0138453218,,0
2025-03-14,Nvidia,Price move year-to-date,-0.09397572418,-9.40%,10
2025-03-14,Nvidia,max,0.1127410827,,0
2025-03-14,Nvidia,min,-0.20336585,,0
2025-03-14,US Large Cap Stocks,Price move year-to-date,-0.04126237115,-4.10%,10
2025-03-14,US Large Cap Stocks,max,0.0446338855,,0
2025-03-14,US Large Cap Stocks,min,-0.0612262247,,0
2025-03-14,US dollar,Price move year-to-date,-0.03501019714,-3.50%,10
2025-03-14,US dollar,max,0.01461590755,,0
2025-03-14,US dollar,min,-0.03976886472,,0
2025-03-14,US Small Cap Stocks,Price move year-to-date,-0.0817795076,-8.20%,10
2025-03-14,US Small Cap Stocks,max,0.03996198407,,0
2025-03-14,US Small Cap Stocks,min,-0.1034576394,,0
2025-03-14,Tesla,Price move year-to-date,-0.3809924723,-38.10%,10
2025-03-14,Tesla,max,0.06037044374,,0
2025-03-14,Tesla,min,-0.4499059033,,0
2025-03-14,Crude Oil,Price move year-to-date,-0.06706636921,-6.70%,10
2025-03-14,Crude Oil,max,0.0974623536,,0
2025-03-14,Crude Oil,min,-0.08073061907,,0
2025-03-17,Gold,Price move year-to-date,0.142898443,14.30%,10
2025-03-17,Gold,max,0.142898443,,0
2025-03-17,Gold,min,0,,0
2025-03-17,European Stocks,Price move year-to-date,0.1534583268,15.30%,10
2025-03-17,European Stocks,max,0.1555065385,,0
2025-03-17,European Stocks,min,-0.006302190011,,0
2025-03-17,China Large Cap Stocks,Price move year-to-date,0.2664257556,26.60%,10
2025-03-17,China Large Cap Stocks,max,0.2664257556,,0
2025-03-17,China Large Cap Stocks,min,-0.05880420499,,0
2025-03-17,Bitcoin,Price move year-to-date,-0.09396371991,-9.40%,10
2025-03-17,Bitcoin,max,0.1426293332,,0
2025-03-17,Bitcoin,min,-0.1393810044,,0
2025-03-17,Emerging Market Stocks,Price move year-to-date,0.08417025347,8.40%,10
2025-03-17,Emerging Market Stocks,max,0.08417025347,,0
2025-03-17,Emerging Market Stocks,min,-0.02415112386,,0
2025-03-17,US 10-year Bonds,Price move year-to-date,0.02282314765,2.30%,10
2025-03-17,US 10-year Bonds,max,0.0318009735,,0
2025-03-17,US 10-year Bonds,min,-0.0138453218,,0
2025-03-17,Nvidia,Price move year-to-date,-0.1099113858,-11%,10
2025-03-17,Nvidia,max,0.1127410827,,0
2025-03-17,Nvidia,min,-0.20336585,,0
2025-03-17,US Large Cap Stocks,Price move year-to-date,-0.03511101514,-3.50%,10
2025-03-17,US Large Cap Stocks,max,0.0446338855,,0
2025-03-17,US Large Cap Stocks,min,-0.0612262247,,0
2025-03-17,US dollar,Price move year-to-date,-0.03874915024,-3.90%,10
2025-03-17,US dollar,max,0.01461590755,,0
2025-03-17,US dollar,min,-0.03976886472,,0
2025-03-17,US Small Cap Stocks,Price move year-to-date,-0.07019370022,-7%,10
2025-03-17,US Small Cap Stocks,max,0.03996198407,,0
2025-03-17,US Small Cap Stocks,min,-0.1034576394,,0
2025-03-17,Tesla,Price move year-to-date,-0.4106329239,-41.10%,10
2025-03-17,Tesla,max,0.06037044374,,0
2025-03-17,Tesla,min,-0.4499059033,,0
2025-03-17,Crude Oil,Price move year-to-date,-0.06065253765,-6.10%,10
2025-03-17,Crude Oil,max,0.0974623536,,0
2025-03-17,Crude Oil,min,-0.08073061907,,0
2025-03-18,Gold,Price move year-to-date,0.1562383843,15.60%,10
2025-03-18,Gold,max,0.1562383843,,0
2025-03-18,Gold,min,0,,0
2025-03-18,European Stocks,Price move year-to-date,0.1580274145,15.80%,10
2025-03-18,European Stocks,max,0.1580274145,,0
2025-03-18,European Stocks,min,-0.006302190011,,0
2025-03-18,China Large Cap Stocks,Price move year-to-date,0.2644546649,26.40%,10
2025-03-18,China Large Cap Stocks,max,0.2664257556,,0
2025-03-18,China Large Cap Stocks,min,-0.05880420499,,0
2025-03-18,Bitcoin,Price move year-to-date,-0.09991428066,-10%,10
2025-03-18,Bitcoin,max,0.1426293332,,0
2025-03-18,Bitcoin,min,-0.1393810044,,0
2025-03-18,Emerging Market Stocks,Price move year-to-date,0.07867049259,7.90%,10
2025-03-18,Emerging Market Stocks,max,0.08417025347,,0
2025-03-18,Emerging Market Stocks,min,-0.02415112386,,0
2025-03-18,US 10-year Bonds,Price move year-to-date,0.02401297999,2.40%,10
2025-03-18,US 10-year Bonds,max,0.0318009735,,0
2025-03-18,US 10-year Bonds,min,-0.0138453218,,0
2025-03-18,Nvidia,Price move year-to-date,-0.1404423263,-14%,10
2025-03-18,Nvidia,max,0.1127410827,,0
2025-03-18,Nvidia,min,-0.20336585,,0
2025-03-18,US Large Cap Stocks,Price move year-to-date,-0.04539047849,-4.50%,10
2025-03-18,US Large Cap Stocks,max,0.0446338855,,0
2025-03-18,US Large Cap Stocks,min,-0.0612262247,,0
2025-03-18,US dollar,Price move year-to-date,-0.03942895989,-3.90%,10
2025-03-18,US dollar,max,0.01461590755,,0
2025-03-18,US dollar,min,-0.03976886472,,0
2025-03-18,US Small Cap Stocks,Price move year-to-date,-0.08033128168,-8%,10
2025-03-18,US Small Cap Stocks,max,0.03996198407,,0
2025-03-18,US Small Cap Stocks,min,-0.1034576394,,0
2025-03-18,Tesla,Price move year-to-date,-0.4420810222,-44.20%,10
2025-03-18,Tesla,max,0.06037044374,,0
2025-03-18,Tesla,min,-0.4499059033,,0
2025-03-18,Crude Oil,Price move year-to-date,-0.06929726715,-6.90%,10
2025-03-18,Crude Oil,max,0.0974623536,,0
2025-03-18,Crude Oil,min,-0.08073061907,,0
2025-03-19,Gold,Price move year-to-date,0.1609878991,16.10%,10
2025-03-19,Gold,max,0.1609878991,,0
2025-03-19,Gold,min,0,,0
2025-03-19,European Stocks,Price move year-to-date,0.1575547503,15.80%,10
2025-03-19,European Stocks,max,0.1580274145,,0
2025-03-19,European Stocks,min,-0.006302190011,,0
2025-03-19,China Large Cap Stocks,Price move year-to-date,0.2591984231,25.90%,10
2025-03-19,China Large Cap Stocks,max,0.2664257556,,0
2025-03-19,China Large Cap Stocks,min,-0.05880420499,,0
2025-03-19,Bitcoin,Price move year-to-date,-0.1007370521,-10.10%,10
2025-03-19,Bitcoin,max,0.1426293332,,0
2025-03-19,Bitcoin,min,-0.1393810044,,0
2025-03-19,Emerging Market Stocks,Price move year-to-date,0.08130081301,8.10%,10
2025-03-19,Emerging Market Stocks,max,0.08417025347,,0
2025-03-19,Emerging Market Stocks,min,-0.02415112386,,0
2025-03-19,US 10-year Bonds,Price move year-to-date,0.02714981071,2.70%,10
2025-03-19,US 10-year Bonds,max,0.0318009735,,0
2025-03-19,US 10-year Bonds,min,-0.0138453218,,0
2025-03-19,Nvidia,Price move year-to-date,-0.1248789932,-12.50%,10
2025-03-19,Nvidia,max,0.1127410827,,0
2025-03-19,Nvidia,min,-0.20336585,,0
2025-03-19,US Large Cap Stocks,Price move year-to-date,-0.03508211159,-3.50%,10
2025-03-19,US Large Cap Stocks,max,0.0446338855,,0
2025-03-19,US Large Cap Stocks,min,-0.0612262247,,0
2025-03-19,US dollar,Price move year-to-date,-0.0370496261,-3.70%,10
2025-03-19,US dollar,max,0.01461590755,,0
2025-03-19,US dollar,min,-0.03976886472,,0
2025-03-19,US Small Cap Stocks,Price move year-to-date,-0.06603005069,-6.60%,10
2025-03-19,US Small Cap Stocks,max,0.03996198407,,0
2025-03-19,US Small Cap Stocks,min,-0.1034576394,,0
2025-03-19,Tesla,Price move year-to-date,-0.4159568146,-41.60%,10
2025-03-19,Tesla,max,0.06037044374,,0
2025-03-19,Tesla,min,-0.4499059033,,0
2025-03-19,Crude Oil,Price move year-to-date,-0.06706636921,-6.70%,10
2025-03-19,Crude Oil,max,0.0974623536,,0
2025-03-19,Crude Oil,min,-0.08073061907,,0
2025-03-20,Gold,Price move year-to-date,0.1595010945,16%,10
2025-03-20,Gold,max,0.1609878991,,0
2025-03-20,Gold,min,0,,0
2025-03-20,European Stocks,Price move year-to-date,0.1455805893,14.60%,10
2025-03-20,European Stocks,max,0.1580274145,,0
2025-03-20,European Stocks,min,-0.006302190011,,0
2025-03-20,China Large Cap Stocks,Price move year-to-date,0.2230617608,22.30%,10
2025-03-20,China Large Cap Stocks,max,0.2664257556,,0
2025-03-20,China Large Cap Stocks,min,-0.05880420499,,0
2025-03-20,Bitcoin,Price move year-to-date,-0.0699676098,-7%,10
2025-03-20,Bitcoin,max,0.1426293332,,0
2025-03-20,Bitcoin,min,-0.1393810044,,0
2025-03-20,Emerging Market Stocks,Price move year-to-date,0.0712577714,7.10%,10
2025-03-20,Emerging Market Stocks,max,0.08417025347,,0
2025-03-20,Emerging Market Stocks,min,-0.02415112386,,0
2025-03-20,US 10-year Bonds,Price move year-to-date,0.02866414278,2.90%,10
2025-03-20,US 10-year Bonds,max,0.0318009735,,0
2025-03-20,US 10-year Bonds,min,-0.0138453218,,0
2025-03-20,Nvidia,Price move year-to-date,-0.1173579567,-11.70%,10
2025-03-20,Nvidia,max,0.1127410827,,0
2025-03-20,Nvidia,min,-0.20336585,,0
2025-03-20,US Large Cap Stocks,Price move year-to-date,-0.0371903707,-3.70%,10
2025-03-20,US Large Cap Stocks,max,0.0446338855,,0
2025-03-20,US Large Cap Stocks,min,-0.0612262247,,0
2025-03-20,US dollar,Price move year-to-date,-0.03433038749,-3.40%,10
2025-03-20,US dollar,max,0.01461590755,,0
2025-03-20,US dollar,min,-0.03976886472,,0
2025-03-20,US Small Cap Stocks,Price move year-to-date,-0.07195872556,-7.20%,10
2025-03-20,US Small Cap Stocks,max,0.03996198407,,0
2025-03-20,US Small Cap Stocks,min,-0.1034576394,,0
2025-03-20,Tesla,Price move year-to-date,-0.4149663233,-41.50%,10
2025-03-20,Tesla,max,0.06037044374,,0
2025-03-20,Tesla,min,-0.4499059033,,0
2025-03-20,Crude Oil,Price move year-to-date,-0.05089235917,-5.10%,10
2025-03-20,Crude Oil,max,0.0974623536,,0
2025-03-20,Crude Oil,min,-0.08073061907,,0
2025-03-21,Gold,Price move year-to-date,0.1501672655,15%,10
2025-03-21,Gold,max,0.1609878991,,0
2025-03-21,Gold,min,0,,0
2025-03-21,European Stocks,Price move year-to-date,0.1309279975,13.10%,10
2025-03-21,European Stocks,max,0.1580274145,,0
2025-03-21,European Stocks,min,-0.006302190011,,0
2025-03-21,China Large Cap Stocks,Price move year-to-date,0.2010512484,20.10%,10
2025-03-21,China Large Cap Stocks,max,0.2664257556,,0
2025-03-21,China Large Cap Stocks,min,-0.05880420499,,0
2025-03-21,Bitcoin,Price move year-to-date,-0.08603844283,-8.60%,10
2025-03-21,Bitcoin,max,0.1426293332,,0
2025-03-21,Bitcoin,min,-0.1393810044,,0
2025-03-21,Emerging Market Stocks,Price move year-to-date,0.06599713056,6.60%,10
2025-03-21,Emerging Market Stocks,max,0.08417025347,,0
2025-03-21,Emerging Market Stocks,min,-0.02415112386,,0
2025-03-21,US 10-year Bonds,Price move year-to-date,0.02779881017,2.80%,10
2025-03-21,US 10-year Bonds,max,0.0318009735,,0
2025-03-21,US 10-year Bonds,min,-0.0138453218,,0
2025-03-21,Nvidia,Price move year-to-date,-0.1235386105,-12.40%,10
2025-03-21,Nvidia,max,0.1127410827,,0
2025-03-21,Nvidia,min,-0.20336585,,0
2025-03-21,US Large Cap Stocks,Price move year-to-date,-0.03639637311,-3.60%,10
2025-03-21,US Large Cap Stocks,max,0.0446338855,,0
2025-03-21,US Large Cap Stocks,min,-0.0612262247,,0
2025-03-21,US dollar,Price move year-to-date,-0.03127124405,-3.10%,10
2025-03-21,US dollar,max,0.01461590755,,0
2025-03-21,US dollar,min,-0.03976886472,,0
2025-03-21,US Small Cap Stocks,Price move year-to-date,-0.07770637219,-7.80%,10
2025-03-21,US Small Cap Stocks,max,0.03996198407,,0
2025-03-21,US Small Cap Stocks,min,-0.1034576394,,0
2025-03-21,Tesla,Price move year-to-date,-0.3841372821,-38.40%,10
2025-03-21,Tesla,max,0.06037044374,,0
2025-03-21,Tesla,min,-0.4499059033,,0
2025-03-21,Crude Oil,Price move year-to-date,-0.04796430563,-4.80%,10
2025-03-21,Crude Oil,max,0.0974623536,,0
2025-03-21,Crude Oil,min,-0.08073061907,,0
2025-03-24,Gold,Price move year-to-date,0.1450460496,14.50%,10
2025-03-24,Gold,max,0.1609878991,,0
2025-03-24,Gold,min,0,,0
2025-03-24,European Stocks,Price move year-to-date,0.1301402237,13%,10
2025-03-24,European Stocks,max,0.1580274145,,0
2025-03-24,European Stocks,min,-0.006302190011,,0
2025-03-24,China Large Cap Stocks,Price move year-to-date,0.2046649146,20.50%,10
2025-03-24,China Large Cap Stocks,max,0.2664257556,,0
2025-03-24,China Large Cap Stocks,min,-0.05880420499,,0
2025-03-24,Bitcoin,Price move year-to-date,-0.06333986737,-6.30%,10
2025-03-24,Bitcoin,max,0.1426293332,,0
2025-03-24,Bitcoin,min,-0.1393810044,,0
2025-03-24,Emerging Market Stocks,Price move year-to-date,0.07077953132,7.10%,10
2025-03-24,Emerging Market Stocks,max,0.08417025347,,0
2025-03-24,Emerging Market Stocks,min,-0.02415112386,,0
2025-03-24,US 10-year Bonds,Price move year-to-date,0.02184964846,2.20%,10
2025-03-24,US 10-year Bonds,max,0.0318009735,,0
2025-03-24,US 10-year Bonds,min,-0.0138453218,,0
2025-03-24,Nvidia,Price move year-to-date,-0.0959118326,-9.60%,10
2025-03-24,Nvidia,max,0.1127410827,,0
2025-03-24,Nvidia,min,-0.20336585,,0
2025-03-24,US Large Cap Stocks,Price move year-to-date,-0.01939258335,-1.90%,10
2025-03-24,US Large Cap Stocks,max,0.0446338855,,0
2025-03-24,US Large Cap Stocks,min,-0.0612262247,,0
2025-03-24,US dollar,Price move year-to-date,-0.02957171992,-3%,10
2025-03-24,US dollar,max,0.01461590755,,0
2025-03-24,US dollar,min,-0.03976886472,,0
2025-03-24,US Small Cap Stocks,Price move year-to-date,-0.05476104272,-5.50%,10
2025-03-24,US Small Cap Stocks,max,0.03996198407,,0
2025-03-24,US Small Cap Stocks,min,-0.1034576394,,0
2025-03-24,Tesla,Price move year-to-date,-0.3106428288,-31.10%,10
2025-03-24,Tesla,max,0.06037044374,,0
2025-03-24,Tesla,min,-0.4499059033,,0
2025-03-24,Crude Oil,Price move year-to-date,-0.03639152259,-3.60%,10
2025-03-24,Crude Oil,max,0.0974623536,,0
2025-03-24,Crude Oil,min,-0.08073061907,,0
2025-03-25,Gold,Price move year-to-date,0.1500846653,15%,10
2025-03-25,Gold,max,0.1609878991,,0
2025-03-25,Gold,min,0,,0
2025-03-25,European Stocks,Price move year-to-date,0.136915078,13.70%,10
2025-03-25,European Stocks,max,0.1580274145,,0
2025-03-25,European Stocks,min,-0.006302190011,,0
2025-03-25,China Large Cap Stocks,Price move year-to-date,0.1925098555,19.30%,10
2025-03-25,China Large Cap Stocks,max,0.2664257556,,0
2025-03-25,China Large Cap Stocks,min,-0.05880420499,,0
2025-03-25,Bitcoin,Price move year-to-date,-0.06371742646,-6.40%,10
2025-03-25,Bitcoin,max,0.1426293332,,0
2025-03-25,Bitcoin,min,-0.1393810044,,0
2025-03-25,Emerging Market Stocks,Price move year-to-date,0.06767097083,6.80%,10
2025-03-25,Emerging Market Stocks,max,0.08417025347,,0
2025-03-25,Emerging Market Stocks,min,-0.02415112386,,0
2025-03-25,US 10-year Bonds,Price move year-to-date,0.02358031368,2.40%,10
2025-03-25,US 10-year Bonds,max,0.0318009735,,0
2025-03-25,US 10-year Bonds,min,-0.0138453218,,0
2025-03-25,Nvidia,Price move year-to-date,-0.1012733636,-10.10%,10
2025-03-25,Nvidia,max,0.1127410827,,0
2025-03-25,Nvidia,min,-0.20336585,,0
2025-03-25,US Large Cap Stocks,Price move year-to-date,-0.01784879362,-1.80%,10
2025-03-25,US Large Cap Stocks,max,0.0446338855,,0
2025-03-25,US Large Cap Stocks,min,-0.0612262247,,0
2025-03-25,US dollar,Price move year-to-date,-0.0305914344,-3.10%,10
2025-03-25,US dollar,max,0.01461590755,,0
2025-03-25,US dollar,min,-0.03976886472,,0
2025-03-25,US Small Cap Stocks,Price move year-to-date,-0.06001086169,-6%,10
2025-03-25,US Small Cap Stocks,max,0.03996198407,,0
2025-03-25,US Small Cap Stocks,min,-0.1034576394,,0
2025-03-25,Tesla,Price move year-to-date,-0.2864996038,-28.60%,10
2025-03-25,Tesla,max,0.06037044374,,0
2025-03-25,Tesla,min,-0.4499059033,,0
2025-03-25,Crude Oil,Price move year-to-date,-0.03792526492,-3.80%,10
2025-03-25,Crude Oil,max,0.0974623536,,0
2025-03-25,Crude Oil,min,-0.08073061907,,0
2025-03-26,Gold,Price move year-to-date,0.1491347623,14.90%,10
2025-03-26,Gold,max,0.1609878991,,0
2025-03-26,Gold,min,0,,0
2025-03-26,European Stocks,Price move year-to-date,0.1208444935,12.10%,10
2025-03-26,European Stocks,max,0.1580274145,,0
2025-03-26,European Stocks,min,-0.006302190011,,0
2025-03-26,China Large Cap Stocks,Price move year-to-date,0.1915243101,19.20%,10
2025-03-26,China Large Cap Stocks,max,0.2664257556,,0
2025-03-26,China Large Cap Stocks,min,-0.05880420499,,0
2025-03-26,Bitcoin,Price move year-to-date,-0.05624472237,-5.60%,10
2025-03-26,Bitcoin,max,0.1426293332,,0
2025-03-26,Bitcoin,min,-0.1393810044,,0
2025-03-26,Emerging Market Stocks,Price move year-to-date,0.06121472979,6.10%,10
2025-03-26,Emerging Market Stocks,max,0.08417025347,,0
2025-03-26,Emerging Market Stocks,min,-0.02415112386,,0
2025-03-26,US 10-year Bonds,Price move year-to-date,0.021200649,2.10%,10
2025-03-26,US 10-year Bonds,max,0.0318009735,,0
2025-03-26,US 10-year Bonds,min,-0.0138453218,,0
2025-03-26,Nvidia,Price move year-to-date,-0.1528780996,-15.30%,10
2025-03-26,Nvidia,max,0.1127410827,,0
2025-03-26,Nvidia,min,-0.20336585,,0
2025-03-26,US Large Cap Stocks,Price move year-to-date,-0.02880664034,-2.90%,10
2025-03-26,US Large Cap Stocks,max,0.0446338855,,0
2025-03-26,US Large Cap Stocks,min,-0.0612262247,,0
2025-03-26,US dollar,Price move year-to-date,-0.02617267165,-2.60%,10
2025-03-26,US dollar,max,0.01461590755,,0
2025-03-26,US dollar,min,-0.03976886472,,0
2025-03-26,US Small Cap Stocks,Price move year-to-date,-0.06956010138,-7%,10
2025-03-26,US Small Cap Stocks,max,0.03996198407,,0
2025-03-26,US Small Cap Stocks,min,-0.1034576394,,0
2025-03-26,Tesla,Price move year-to-date,-0.3263173534,-32.60%,10
2025-03-26,Tesla,max,0.06037044374,,0
2025-03-26,Tesla,min,-0.4499059033,,0
2025-03-26,Crude Oil,Price move year-to-date,-0.02886224205,-2.90%,10
2025-03-26,Crude Oil,max,0.0974623536,,0
2025-03-26,Crude Oil,min,-0.08073061907,,0
2025-03-27,Gold,Price move year-to-date,0.1645397101,16.50%,10
2025-03-27,Gold,max,0.1645397101,,0
2025-03-27,Gold,min,0,,0
2025-03-27,European Stocks,Price move year-to-date,0.1232078147,12.30%,10
2025-03-27,European Stocks,max,0.1580274145,,0
2025-03-27,European Stocks,min,-0.006302190011,,0
2025-03-27,China Large Cap Stocks,Price move year-to-date,0.2049934297,20.50%,10
2025-03-27,China Large Cap Stocks,max,0.2664257556,,0
2025-03-27,China Large Cap Stocks,min,-0.05880420499,,0
2025-03-27,Bitcoin,Price move year-to-date,-0.05076892485,-5.10%,10
2025-03-27,Bitcoin,max,0.1426293332,,0
2025-03-27,Bitcoin,min,-0.1393810044,,0
2025-03-27,Emerging Market Stocks,Price move year-to-date,0.06647537064,6.60%,10
2025-03-27,Emerging Market Stocks,max,0.08417025347,,0
2025-03-27,Emerging Market Stocks,min,-0.02415112386,,0
2025-03-27,US 10-year Bonds,Price move year-to-date,0.02033531639,2%,10
2025-03-27,US 10-year Bonds,max,0.0318009735,,0
2025-03-27,US 10-year Bonds,min,-0.0138453218,,0
2025-03-27,Nvidia,Price move year-to-date,-0.1702286097,-17%,10
2025-03-27,Nvidia,max,0.1127410827,,0
2025-03-27,Nvidia,min,-0.20336585,,0
2025-03-27,US Large Cap Stocks,Price move year-to-date,-0.03201833505,-3.20%,10
2025-03-27,US Large Cap Stocks,max,0.0446338855,,0
2025-03-27,US Large Cap Stocks,min,-0.0612262247,,0
2025-03-27,US dollar,Price move year-to-date,-0.02923181509,-2.90%,10
2025-03-27,US dollar,max,0.01461590755,,0
2025-03-27,US dollar,min,-0.03976886472,,0
2025-03-27,US Small Cap Stocks,Price move year-to-date,-0.07399529327,-7.40%,10
2025-03-27,US Small Cap Stocks,max,0.03996198407,,0
2025-03-27,US Small Cap Stocks,min,-0.1034576394,,0
2025-03-27,Tesla,Price move year-to-date,-0.3236677892,-32.40%,10
2025-03-27,Tesla,max,0.06037044374,,0
2025-03-27,Tesla,min,-0.4499059033,,0
2025-03-27,Crude Oil,Price move year-to-date,-0.02509760178,-2.50%,10
2025-03-27,Crude Oil,max,0.0974623536,,0
2025-03-27,Crude Oil,min,-0.08073061907,,0
2025-03-28,Gold,Price move year-to-date,0.1731714368,17.30%,10
2025-03-28,Gold,max,0.1731714368,,0
2025-03-28,Gold,min,0,,0
2025-03-28,European Stocks,Price move year-to-date,0.1183236175,11.80%,10
2025-03-28,European Stocks,max,0.1580274145,,0
2025-03-28,European Stocks,min,-0.006302190011,,0
2025-03-28,China Large Cap Stocks,Price move year-to-date,0.1773981603,17.70%,10
2025-03-28,China Large Cap Stocks,max,0.2664257556,,0
2025-03-28,China Large Cap Stocks,min,-0.05880420499,,0
2025-03-28,Bitcoin,Price move year-to-date,-0.0603147401,-6%,10
2025-03-28,Bitcoin,max,0.1426293332,,0
2025-03-28,Bitcoin,min,-0.1393810044,,0
2025-03-28,Emerging Market Stocks,Price move year-to-date,0.04662840746,4.70%,10
2025-03-28,Emerging Market Stocks,max,0.08417025347,,0
2025-03-28,Emerging Market Stocks,min,-0.02415112386,,0
2025-03-28,US 10-year Bonds,Price move year-to-date,0.0285559762,2.90%,10
2025-03-28,US 10-year Bonds,max,0.0318009735,,0
2025-03-28,US 10-year Bonds,min,-0.0138453218,,0
2025-03-28,Nvidia,Price move year-to-date,-0.1833345744,-18.30%,10
2025-03-28,Nvidia,max,0.1127410827,,0
2025-03-28,Nvidia,min,-0.20336585,,0
2025-03-28,US Large Cap Stocks,Price move year-to-date,-0.05112358309,-5.10%,10
2025-03-28,US Large Cap Stocks,max,0.0446338855,,0
2025-03-28,US Large Cap Stocks,min,-0.0612262247,,0
2025-03-28,US dollar,Price move year-to-date,-0.03093133923,-3.10%,10
2025-03-28,US dollar,max,0.01461590755,,0
2025-03-28,US dollar,min,-0.03976886472,,0
2025-03-28,US Small Cap Stocks,Price move year-to-date,-0.09282223027,-9.30%,10
2025-03-28,US Small Cap Stocks,max,0.03996198407,,0
2025-03-28,US Small Cap Stocks,min,-0.1034576394,,0
2025-03-28,Tesla,Price move year-to-date,-0.3473900555,-34.70%,10
2025-03-28,Tesla,max,0.06037044374,,0
2025-03-28,Tesla,min,-0.4499059033,,0
2025-03-28,Crude Oil,Price move year-to-date,-0.03290574456,-3.30%,10
2025-03-28,Crude Oil,max,0.0974623536,,0
2025-03-28,Crude Oil,min,-0.08073061907,,0
2025-03-31,Gold,Price move year-to-date,0.1900218891,19%,10
2025-03-31,Gold,max,0.1900218891,,0
2025-03-31,Gold,min,0,,0
2025-03-31,European Stocks,Price move year-to-date,0.1061919017,10.60%,10
2025-03-31,European Stocks,max,0.1580274145,,0
2025-03-31,European Stocks,min,-0.006302190011,,0
2025-03-31,China Large Cap Stocks,Price move year-to-date,0.1773981603,17.70%,10
2025-03-31,China Large Cap Stocks,max,0.2664257556,,0
2025-03-31,China Large Cap Stocks,min,-0.05880420499,,0
2025-03-31,Bitcoin,Price move year-to-date,-0.1171609808,-11.70%,10
2025-03-31,Bitcoin,max,0.1426293332,,0
2025-03-31,Bitcoin,min,-0.1393810044,,0
2025-03-31,Emerging Market Stocks,Price move year-to-date,0.04495456719,4.50%,10
2025-03-31,Emerging Market Stocks,max,0.08417025347,,0
2025-03-31,Emerging Market Stocks,min,-0.02415112386,,0
2025-03-31,US 10-year Bonds,Price move year-to-date,0.03158464035,3.20%,10
2025-03-31,US 10-year Bonds,max,0.0318009735,,0
2025-03-31,US 10-year Bonds,min,-0.0138453218,,0
2025-03-31,Nvidia,Price move year-to-date,-0.1929406508,-19.30%,10
2025-03-31,Nvidia,max,0.1127410827,,0
2025-03-31,Nvidia,min,-0.20336585,,0
2025-03-31,US Large Cap Stocks,Price move year-to-date,-0.04586823721,-4.60%,10
2025-03-31,US Large Cap Stocks,max,0.0446338855,,0
2025-03-31,US Large Cap Stocks,min,-0.0612262247,,0
2025-03-31,US dollar,Price move year-to-date,-0.02991162475,-3%,10
2025-03-31,US dollar,max,0.01461590755,,0
2025-03-31,US dollar,min,-0.03976886472,,0
2025-03-31,US Small Cap Stocks,Price move year-to-date,-0.09716690804,-9.70%,10
2025-03-31,US Small Cap Stocks,max,0.03996198407,,0
2025-03-31,US Small Cap Stocks,min,-0.1034576394,,0
2025-03-31,Tesla,Price move year-to-date,-0.3582606973,-35.80%,10
2025-03-31,Tesla,max,0.06037044374,,0
2025-03-31,Tesla,min,-0.4499059033,,0
2025-03-31,Crude Oil,Price move year-to-date,-0.003346346905,-0.30%,10
2025-03-31,Crude Oil,max,0.0974623536,,0
2025-03-31,Crude Oil,min,-0.08073061907,,0
2025-04-01,Gold,Price move year-to-date,0.1876677818,18.80%,10
2025-04-01,Gold,max,0.1900218891,,0
2025-04-01,Gold,min,0,,0
2025-04-01,European Stocks,Price move year-to-date,0.1090278872,10.90%,10
2025-04-01,European Stocks,max,0.1580274145,,0
2025-04-01,European Stocks,min,-0.006302190011,,0
2025-04-01,China Large Cap Stocks,Price move year-to-date,0.1747700394,17.50%,10
2025-04-01,China Large Cap Stocks,max,0.2664257556,,0
2025-04-01,China Large Cap Stocks,min,-0.05880420499,,0
2025-04-01,Bitcoin,Price move year-to-date,-0.1019554595,-10.20%,10
2025-04-01,Bitcoin,max,0.1426293332,,0
2025-04-01,Bitcoin,min,-0.1393810044,,0
2025-04-01,Emerging Market Stocks,Price move year-to-date,0.04830224773,4.80%,10
2025-04-01,Emerging Market Stocks,max,0.08417025347,,0
2025-04-01,Emerging Market Stocks,min,-0.02415112386,,0
2025-04-01,US 10-year Bonds,Price move year-to-date,0.03190914008,3.20%,10
2025-04-01,US 10-year Bonds,max,0.03190914008,,0
2025-04-01,US 10-year Bonds,min,-0.0138453218,,0
2025-04-01,Nvidia,Price move year-to-date,-0.1797602204,-18%,10
2025-04-01,Nvidia,max,0.1127410827,,0
2025-04-01,Nvidia,min,-0.20336585,,0
2025-04-01,US Large Cap Stocks,Price move year-to-date,-0.0422603938,-4.20%,10
2025-04-01,US Large Cap Stocks,max,0.0446338855,,0
2025-04-01,US Large Cap Stocks,min,-0.0612262247,,0
2025-04-01,US dollar,Price move year-to-date,-0.02889191027,-2.90%,10
2025-04-01,US dollar,max,0.01461590755,,0
2025-04-01,US dollar,min,-0.03976886472,,0
2025-04-01,US Small Cap Stocks,Price move year-to-date,-0.09707639392,-9.70%,10
2025-04-01,US Small Cap Stocks,max,0.03996198407,,0
2025-04-01,US Small Cap Stocks,min,-0.1034576394,,0
2025-04-01,Tesla,Price move year-to-date,-0.335231775,-33.50%,10
2025-04-01,Tesla,max,0.06037044374,,0
2025-04-01,Tesla,min,-0.4499059033,,0
2025-04-01,Crude Oil,Price move year-to-date,-0.007250418293,-0.70%,10
2025-04-01,Crude Oil,max,0.0974623536,,0
2025-04-01,Crude Oil,min,-0.08073061907,,0
2025-04-02,Gold,Price move year-to-date,0.1901044893,19%,10
2025-04-02,Gold,max,0.1901044893,,0
2025-04-02,Gold,min,0,,0
2025-04-02,European Stocks,Price move year-to-date,0.1126516464,11.30%,10
2025-04-02,European Stocks,max,0.1580274145,,0
2025-04-02,European Stocks,min,-0.006302190011,,0
2025-04-02,China Large Cap Stocks,Price move year-to-date,0.167542707,16.80%,10
2025-04-02,China Large Cap Stocks,max,0.2664257556,,0
2025-04-02,China Large Cap Stocks,min,-0.05880420499,,0
2025-04-02,Bitcoin,Price move year-to-date,-0.08425965024,-8.40%,10
2025-04-02,Bitcoin,max,0.1426293332,,0
2025-04-02,Bitcoin,min,-0.1393810044,,0
2025-04-02,Emerging Market Stocks,Price move year-to-date,0.04973696796,5%,10
2025-04-02,Emerging Market Stocks,max,0.08417025347,,0
2025-04-02,Emerging Market Stocks,min,-0.02415112386,,0
2025-04-02,US 10-year Bonds,Price move year-to-date,0.03093564089,3.10%,10
2025-04-02,US 10-year Bonds,max,0.03190914008,,0
2025-04-02,US 10-year Bonds,min,-0.0138453218,,0
2025-04-02,Nvidia,Price move year-to-date,-0.1777496463,-17.80%,10
2025-04-02,Nvidia,max,0.1127410827,,0
2025-04-02,Nvidia,min,-0.20336585,,0
2025-04-02,US Large Cap Stocks,Price move year-to-date,-0.03581660186,-3.60%,10
2025-04-02,US Large Cap Stocks,max,0.0446338855,,0
2025-04-02,US Large Cap Stocks,min,-0.0612262247,,0
2025-04-02,US dollar,Price move year-to-date,-0.03297076818,-3.30%,10
2025-04-02,US dollar,max,0.01461590755,,0
2025-04-02,US dollar,min,-0.03976886472,,0
2025-04-02,US Small Cap Stocks,Price move year-to-date,-0.08282041999,-8.30%,10
2025-04-02,US Small Cap Stocks,max,0.03996198407,,0
2025-04-02,US Small Cap Stocks,min,-0.1034576394,,0
2025-04-02,Tesla,Price move year-to-date,-0.2998217116,-30%,10
2025-04-02,Tesla,max,0.06037044374,,0
2025-04-02,Tesla,min,-0.4499059033,,0
2025-04-02,Crude Oil,Price move year-to-date,-0.000139431121,0%,10
2025-04-02,Crude Oil,max,0.0974623536,,0
2025-04-02,Crude Oil,min,-0.08073061907,,0
2025-04-03,Gold,Price move year-to-date,0.182918267,18.30%,10
2025-04-03,Gold,max,0.1901044893,,0
2025-04-03,Gold,min,0,,0
2025-04-03,European Stocks,Price move year-to-date,0.09673861667,9.70%,10
2025-04-03,European Stocks,max,0.1580274145,,0
2025-04-03,European Stocks,min,-0.006302190011,,0
2025-04-03,China Large Cap Stocks,Price move year-to-date,0.1570302234,15.70%,10
2025-04-03,China Large Cap Stocks,max,0.2664257556,,0
2025-04-03,China Large Cap Stocks,min,-0.05880420499,,0
2025-04-03,Bitcoin,Price move year-to-date,-0.09637866925,-9.60%,10
2025-04-03,Bitcoin,max,0.1426293332,,0
2025-04-03,Bitcoin,min,-0.1393810044,,0
2025-04-03,Emerging Market Stocks,Price move year-to-date,0.0274988044,2.70%,10
2025-04-03,Emerging Market Stocks,max,0.08417025347,,0
2025-04-03,Emerging Market Stocks,min,-0.02415112386,,0
2025-04-03,US 10-year Bonds,Price move year-to-date,0.04153596539,4.20%,10
2025-04-03,US 10-year Bonds,max,0.04153596539,,0
2025-04-03,US 10-year Bonds,min,-0.0138453218,,0
2025-04-03,Nvidia,Price move year-to-date,-0.2419390871,-24.20%,10
2025-04-03,Nvidia,max,0.1127410827,,0
2025-04-03,Nvidia,min,-0.2419390871,,0
2025-04-03,US Large Cap Stocks,Price move year-to-date,-0.08247883665,-8.20%,10
2025-04-03,US Large Cap Stocks,max,0.0446338855,,0
2025-04-03,US Large Cap Stocks,min,-0.08247883665,,0
2025-04-03,US dollar,Price move year-to-date,-0.04996600952,-5%,10
2025-04-03,US dollar,max,0.01461590755,,0
2025-04-03,US dollar,min,-0.04996600952,,0
2025-04-03,US Small Cap Stocks,Price move year-to-date,-0.1416998552,-14.20%,10
2025-04-03,US Small Cap Stocks,max,0.03996198407,,0
2025-04-03,US Small Cap Stocks,min,-0.1416998552,,0
2025-04-03,Tesla,Price move year-to-date,-0.3381537242,-33.80%,10
2025-04-03,Tesla,max,0.06037044374,,0
2025-04-03,Tesla,min,-0.4499059033,,0
2025-04-03,Crude Oil,Price move year-to-date,-0.06650864473,-6.70%,10
2025-04-03,Crude Oil,max,0.0974623536,,0
2025-04-03,Crude Oil,min,-0.08073061907,,0
2025-04-04,Gold,Price move year-to-date,0.1552471813,15.50%,10
2025-04-04,Gold,max,0.1901044893,,0
2025-04-04,Gold,min,0,,0
2025-04-04,European Stocks,Price move year-to-date,0.02442098629,2.40%,10
2025-04-04,European Stocks,max,0.1580274145,,0
2025-04-04,European Stocks,min,-0.006302190011,,0
2025-04-04,China Large Cap Stocks,Price move year-to-date,0.07555847569,7.60%,10
2025-04-04,China Large Cap Stocks,max,0.2664257556,,0
2025-04-04,China Large Cap Stocks,min,-0.05880420499,,0
2025-04-04,Bitcoin,Price move year-to-date,-0.1043695429,-10.40%,10
2025-04-04,Bitcoin,max,0.1426293332,,0
2025-04-04,Bitcoin,min,-0.1393810044,,0
2025-04-04,Emerging Market Stocks,Price move year-to-date,-0.02965088474,-3%,10
2025-04-04,Emerging Market Stocks,max,0.08417025347,,0
2025-04-04,Emerging Market Stocks,min,-0.02965088474,,0
2025-04-04,US 10-year Bonds,Price move year-to-date,0.04445646295,4.40%,10
2025-04-04,US 10-year Bonds,max,0.04445646295,,0
2025-04-04,US 10-year Bonds,min,-0.0138453218,,0
2025-04-04,Nvidia,Price move year-to-date,-0.2977139027,-29.80%,10
2025-04-04,Nvidia,max,0.1127410827,,0
2025-04-04,Nvidia,min,-0.2977139027,,0
2025-04-04,US Large Cap Stocks,Price move year-to-date,-0.1373003742,-13.70%,10
2025-04-04,US Large Cap Stocks,max,0.0446338855,,0
2025-04-04,US Large Cap Stocks,min,-0.1373003742,,0
2025-04-04,US dollar,Price move year-to-date,-0.03942895989,-3.90%,10
2025-04-04,US dollar,max,0.01461590755,,0
2025-04-04,US dollar,min,-0.04996600952,,0
2025-04-04,US Small Cap Stocks,Price move year-to-date,-0.179987328,-18%,10
2025-04-04,US Small Cap Stocks,max,0.03996198407,,0
2025-04-04,US Small Cap Stocks,min,-0.179987328,,0
2025-04-04,Tesla,Price move year-to-date,-0.4071166799,-40.70%,10
2025-04-04,Tesla,max,0.06037044374,,0
2025-04-04,Tesla,min,-0.4499059033,,0
2025-04-04,Crude Oil,Price move year-to-date,-0.1356664808,-13.60%,10
2025-04-04,Crude Oil,max,0.0974623536,,0
2025-04-04,Crude Oil,min,-0.1356664808,,0
2025-04-07,Gold,Price move year-to-date,0.1304258043,13%,10
2025-04-07,Gold,max,0.1901044893,,0
2025-04-07,Gold,min,0,,0
2025-04-07,European Stocks,Price move year-to-date,-0.007405073263,-0.70%,10
2025-04-07,European Stocks,max,0.1580274145,,0
2025-04-07,European Stocks,min,-0.007405073263,,0
2025-04-07,China Large Cap Stocks,Price move year-to-date,-0.01445466491,-1.40%,10
2025-04-07,China Large Cap Stocks,max,0.2664257556,,0
2025-04-07,China Large Cap Stocks,min,-0.05880420499,,0
2025-04-07,Bitcoin,Price move year-to-date,-0.1605010408,-16.10%,10
2025-04-07,Bitcoin,max,0.1426293332,,0
2025-04-07,Bitcoin,min,-0.1605010408,,0
2025-04-07,Emerging Market Stocks,Price move year-to-date,-0.06575801052,-6.60%,10
2025-04-07,Emerging Market Stocks,max,0.08417025347,,0
2025-04-07,Emerging Market Stocks,min,-0.06575801052,,0
2025-04-07,US 10-year Bonds,Price move year-to-date,0.03201730665,3.20%,10
2025-04-07,US 10-year Bonds,max,0.04445646295,,0
2025-04-07,US 10-year Bonds,min,-0.0138453218,,0
2025-04-07,Nvidia,Price move year-to-date,-0.2729168218,-27.30%,10
2025-04-07,Nvidia,max,0.1127410827,,0
2025-04-07,Nvidia,min,-0.2977139027,,0
2025-04-07,US Large Cap Stocks,Price move year-to-date,-0.1393117214,-13.90%,10
2025-04-07,US Large Cap Stocks,max,0.0446338855,,0
2025-04-07,US Large Cap Stocks,min,-0.1393117214,,0
2025-04-07,US dollar,Price move year-to-date,-0.03535010197,-3.50%,10
2025-04-07,US dollar,max,0.01461590755,,0
2025-04-07,US dollar,min,-0.04996600952,,0
2025-04-07,US Small Cap Stocks,Price move year-to-date,-0.1874094859,-18.70%,10
2025-04-07,US Small Cap Stocks,max,0.03996198407,,0
2025-04-07,US Small Cap Stocks,min,-0.1874094859,,0
2025-04-07,Tesla,Price move year-to-date,-0.4223207211,-42.20%,10
2025-04-07,Tesla,max,0.06037044374,,0
2025-04-07,Tesla,min,-0.4499059033,,0
2025-04-07,Crude Oil,Price move year-to-date,-0.1536530954,-15.40%,10
2025-04-07,Crude Oil,max,0.0974623536,,0
2025-04-07,Crude Oil,min,-0.1536530954,,0
2025-04-08,Gold,Price move year-to-date,0.1365795234,13.70%,10
2025-04-08,Gold,max,0.1901044893,,0
2025-04-08,Gold,min,0,,0
2025-04-08,European Stocks,Price move year-to-date,-0.01165905152,-1.20%,10
2025-04-08,European Stocks,max,0.1580274145,,0
2025-04-08,European Stocks,min,-0.01165905152,,0
2025-04-08,China Large Cap Stocks,Price move year-to-date,-0.02792378449,-2.80%,10
2025-04-08,China Large Cap Stocks,max,0.2664257556,,0
2025-04-08,China Large Cap Stocks,min,-0.05880420499,,0
2025-04-08,Bitcoin,Price move year-to-date,-0.1605010408,-16.10%,10
2025-04-08,Bitcoin,max,0.1426293332,,0
2025-04-08,Bitcoin,min,-0.1605010408,,0
2025-04-08,Emerging Market Stocks,Price move year-to-date,-0.07890961263,-7.90%,10
2025-04-08,Emerging Market Stocks,max,0.08417025347,,0
2025-04-08,Emerging Market Stocks,min,-0.07890961263,,0
2025-04-08,US 10-year Bonds,Price move year-to-date,0.02682531098,2.70%,10
2025-04-08,US 10-year Bonds,max,0.04445646295,,0
2025-04-08,US 10-year Bonds,min,-0.0138453218,,0
2025-04-08,Nvidia,Price move year-to-date,-0.2828952267,-28.30%,10
2025-04-08,Nvidia,max,0.1127410827,,0
2025-04-08,Nvidia,min,-0.2977139027,,0
2025-04-08,US Large Cap Stocks,Price move year-to-date,-0.1528249822,-15.30%,10
2025-04-08,US Large Cap Stocks,max,0.0446338855,,0
2025-04-08,US Large Cap Stocks,min,-0.1528249822,,0
2025-04-08,US dollar,Price move year-to-date,-0.03976886472,-4%,10
2025-04-08,US dollar,max,0.01461590755,,0
2025-04-08,US dollar,min,-0.04996600952,,0
2025-04-08,US Small Cap Stocks,Price move year-to-date,-0.2088160753,-20.90%,10
2025-04-08,US Small Cap Stocks,max,0.03996198407,,0
2025-04-08,US Small Cap Stocks,min,-0.2088160753,,0
2025-04-08,Tesla,Price move year-to-date,-0.4506240095,-45.10%,10
2025-04-08,Tesla,max,0.06037044374,,0
2025-04-08,Tesla,min,-0.4506240095,,0
2025-04-08,Crude Oil,Price move year-to-date,-0.1692693809,-16.90%,10
2025-04-08,Crude Oil,max,0.0974623536,,0
2025-04-08,Crude Oil,min,-0.1692693809,,0
2025-04-09,Gold,Price move year-to-date,0.1786230537,17.90%,10
2025-04-09,Gold,max,0.1901044893,,0
2025-04-09,Gold,min,0,,0
2025-04-09,European Stocks,Price move year-to-date,0.06191901686,6.20%,10
2025-04-09,European Stocks,max,0.1580274145,,0
2025-04-09,European Stocks,min,-0.01165905152,,0
2025-04-09,China Large Cap Stocks,Price move year-to-date,0.04073587385,4.10%,10
2025-04-09,China Large Cap Stocks,max,0.2664257556,,0
2025-04-09,China Large Cap Stocks,min,-0.05880420499,,0
2025-04-09,Bitcoin,Price move year-to-date,-0.1881106989,-18.80%,10
2025-04-09,Bitcoin,max,0.1426293332,,0
2025-04-09,Bitcoin,min,-0.1881106989,,0
2025-04-09,Emerging Market Stocks,Price move year-to-date,-0.01506456241,-1.50%,10
2025-04-09,Emerging Market Stocks,max,0.08417025347,,0
2025-04-09,Emerging Market Stocks,min,-0.07890961263,,0
2025-04-09,US 10-year Bonds,Price move year-to-date,0.02358031368,2.40%,10
2025-04-09,US 10-year Bonds,max,0.04445646295,,0
2025-04-09,US 10-year Bonds,min,-0.0138453218,,0
2025-04-09,Nvidia,Price move year-to-date,-0.1486335542,-14.90%,10
2025-04-09,Nvidia,max,0.1127410827,,0
2025-04-09,Nvidia,min,-0.2977139027,,0
2025-04-09,US Large Cap Stocks,Price move year-to-date,-0.07221297497,-7.20%,10
2025-04-09,US Large Cap Stocks,max,0.0446338855,,0
2025-04-09,US Large Cap Stocks,min,-0.1528249822,,0
2025-04-09,US dollar,Price move year-to-date,-0.03840924541,-3.80%,10
2025-04-09,US dollar,max,0.01461590755,,0
2025-04-09,US dollar,min,-0.04996600952,,0
2025-04-09,US Small Cap Stocks,Price move year-to-date,-0.141564084,-14.20%,10
2025-04-09,US Small Cap Stocks,max,0.03996198407,,0
2025-04-09,US Small Cap Stocks,min,-0.2088160753,,0
2025-04-09,Tesla,Price move year-to-date,-0.3259706815,-32.60%,10
2025-04-09,Tesla,max,0.06037044374,,0
2025-04-09,Tesla,min,-0.4506240095,,0
2025-04-09,Crude Oil,Price move year-to-date,-0.1380368098,-13.80%,10
2025-04-09,Crude Oil,max,0.0974623536,,0
2025-04-09,Crude Oil,min,-0.1692693809,,0
2025-04-10,Gold,Price move year-to-date,0.207409243,20.70%,10
2025-04-10,Gold,max,0.207409243,,0
2025-04-10,Gold,min,0,,0
2025-04-10,European Stocks,Price move year-to-date,0.04789664408,4.80%,10
2025-04-10,European Stocks,max,0.1580274145,,0
2025-04-10,European Stocks,min,-0.01165905152,,0
2025-04-10,China Large Cap Stocks,Price move year-to-date,0.03679369251,3.70%,10
2025-04-10,China Large Cap Stocks,max,0.2664257556,,0
2025-04-10,China Large Cap Stocks,min,-0.05880420499,,0
2025-04-10,Bitcoin,Price move year-to-date,-0.1158427713,-11.60%,10
2025-04-10,Bitcoin,max,0.1426293332,,0
2025-04-10,Bitcoin,min,-0.1881106989,,0
2025-04-10,Emerging Market Stocks,Price move year-to-date,-0.03204208513,-3.20%,10
2025-04-10,Emerging Market Stocks,max,0.08417025347,,0
2025-04-10,Emerging Market Stocks,min,-0.07890961263,,0
2025-04-10,US 10-year Bonds,Price move year-to-date,0.01719848567,1.70%,10
2025-04-10,US 10-year Bonds,max,0.04445646295,,0
2025-04-10,US 10-year Bonds,min,-0.0138453218,,0
2025-04-10,Nvidia,Price move year-to-date,-0.1989723732,-19.90%,10
2025-04-10,Nvidia,max,0.1127410827,,0
2025-04-10,Nvidia,min,-0.2977139027,,0
2025-04-10,US Large Cap Stocks,Price move year-to-date,-0.1043214211,-10.40%,10
2025-04-10,US Large Cap Stocks,max,0.0446338855,,0
2025-04-10,US Large Cap Stocks,min,-0.1528249822,,0
2025-04-10,US dollar,Price move year-to-date,-0.05846363018,-5.80%,10
2025-04-10,US dollar,max,0.01461590755,,0
2025-04-10,US dollar,min,-0.05846363018,,0
2025-04-10,US Small Cap Stocks,Price move year-to-date,-0.1776339609,-17.80%,10
2025-04-10,US Small Cap Stocks,max,0.03996198407,,0
2025-04-10,US Small Cap Stocks,min,-0.2088160753,,0
2025-04-10,Tesla,Price move year-to-date,-0.375,-37.50%,10
2025-04-10,Tesla,max,0.06037044374,,0
2025-04-10,Tesla,min,-0.4506240095,,0
2025-04-10,Crude Oil,Price move year-to-date,-0.1685722253,-16.90%,10
2025-04-10,Crude Oil,max,0.0974623536,,0
2025-04-10,Crude Oil,min,-0.1692693809,,0
2025-04-11,Gold,Price move year-to-date,0.2304547144,23%,10
2025-04-11,Gold,max,0.2304547144,,0
2025-04-11,Gold,min,0,,0
2025-04-11,European Stocks,Price move year-to-date,0.07594138963,7.60%,10
2025-04-11,European Stocks,max,0.1580274145,,0
2025-04-11,European Stocks,min,-0.01165905152,,0
2025-04-11,China Large Cap Stocks,Price move year-to-date,0.08212877792,8.20%,10
2025-04-11,China Large Cap Stocks,max,0.2664257556,,0
2025-04-11,China Large Cap Stocks,min,-0.05880420499,,0
2025-04-11,Bitcoin,Price move year-to-date,-0.1262244556,-12.60%,10
2025-04-11,Bitcoin,max,0.1426293332,,0
2025-04-11,Bitcoin,min,-0.1881106989,,0
2025-04-11,Emerging Market Stocks,Price move year-to-date,-0.001673840268,-0.20%,10
2025-04-11,Emerging Market Stocks,max,0.08417025347,,0
2025-04-11,Emerging Market Stocks,min,-0.07890961263,,0
2025-04-11,US 10-year Bonds,Price move year-to-date,0.01146565711,1.10%,10
2025-04-11,US 10-year Bonds,max,0.04445646295,,0
2025-04-11,US 10-year Bonds,min,-0.0138453218,,0
2025-04-11,Nvidia,Price move year-to-date,-0.1739518952,-17.40%,10
2025-04-11,Nvidia,max,0.1127410827,,0
2025-04-11,Nvidia,min,-0.2977139027,,0
2025-04-11,US Large Cap Stocks,Price move year-to-date,-0.08811672955,-8.80%,10
2025-04-11,US Large Cap Stocks,max,0.0446338855,,0
2025-04-11,US Large Cap Stocks,min,-0.1528249822,,0
2025-04-11,US dollar,Price move year-to-date,-0.06696125085,-6.70%,10
2025-04-11,US dollar,max,0.01461590755,,0
2025-04-11,US dollar,min,-0.06696125085,,0
2025-04-11,US Small Cap Stocks,Price move year-to-date,-0.16564084,-16.60%,10
2025-04-11,US Small Cap Stocks,max,0.03996198407,,0
2025-04-11,US Small Cap Stocks,min,-0.2088160753,,0
2025-04-11,Tesla,Price move year-to-date,-0.3752228605,-37.50%,10
2025-04-11,Tesla,max,0.06037044374,,0
2025-04-11,Tesla,min,-0.4506240095,,0
2025-04-11,Crude Oil,Price move year-to-date,-0.150864473,-15.10%,10
2025-04-11,Crude Oil,max,0.0974623536,,0
2025-04-11,Crude Oil,min,-0.1692693809,,0
2025-04-14,Gold,Price move year-to-date,0.2234336926,22.30%,10
2025-04-14,Gold,max,0.2304547144,,0
2025-04-14,Gold,min,0,,0
2025-04-14,European Stocks,Price move year-to-date,0.0839766819,8.40%,10
2025-04-14,European Stocks,max,0.1580274145,,0
2025-04-14,European Stocks,min,-0.01165905152,,0
2025-04-14,China Large Cap Stocks,Price move year-to-date,0.09625492773,9.60%,10
2025-04-14,China Large Cap Stocks,max,0.2664257556,,0
2025-04-14,China Large Cap Stocks,min,-0.05880420499,,0
2025-04-14,Bitcoin,Price move year-to-date,-0.08479210815,-8.50%,10
2025-04-14,Bitcoin,max,0.1426293332,,0
2025-04-14,Bitcoin,min,-0.1881106989,,0
2025-04-14,Emerging Market Stocks,Price move year-to-date,0.007412721186,0.70%,10
2025-04-14,Emerging Market Stocks,max,0.08417025347,,0
2025-04-14,Emerging Market Stocks,min,-0.07890961263,,0
2025-04-14,US 10-year Bonds,Price move year-to-date,0.01957815035,2%,10
2025-04-14,US 10-year Bonds,max,0.04445646295,,0
2025-04-14,US 10-year Bonds,min,-0.0138453218,,0
2025-04-14,Nvidia,Price move year-to-date,-0.1755901407,-17.60%,10
2025-04-14,Nvidia,max,0.1127410827,,0
2025-04-14,Nvidia,min,-0.2977139027,,0
2025-04-14,US Large Cap Stocks,Price move year-to-date,-0.08087213919,-8.10%,10
2025-04-14,US Large Cap Stocks,max,0.0446338855,,0
2025-04-14,US Large Cap Stocks,min,-0.1528249822,,0
2025-04-14,US dollar,Price move year-to-date,-0.07002039429,-7%,10
2025-04-14,US dollar,max,0.01461590755,,0
2025-04-14,US dollar,min,-0.07002039429,,0
2025-04-14,US Small Cap Stocks,Price move year-to-date,-0.1558200579,-15.60%,10
2025-04-14,US Small Cap Stocks,max,0.03996198407,,0
2025-04-14,US Small Cap Stocks,min,-0.2088160753,,0
2025-04-14,Tesla,Price move year-to-date,-0.3751238114,-37.50%,10
2025-04-14,Tesla,max,0.06037044374,,0
2025-04-14,Tesla,min,-0.4506240095,,0
2025-04-14,Crude Oil,Price move year-to-date,-0.1487730061,-14.90%,10
2025-04-14,Crude Oil,max,0.0974623536,,0
2025-04-14,Crude Oil,min,-0.1692693809,,0
2025-04-15,Gold,Price move year-to-date,0.2298352125,23%,10
2025-04-15,Gold,max,0.2304547144,,0
2025-04-15,Gold,min,0,,0
2025-04-15,European Stocks,Price move year-to-date,0.09484795967,9.50%,10
2025-04-15,European Stocks,max,0.1580274145,,0
2025-04-15,European Stocks,min,-0.01165905152,,0
2025-04-15,China Large Cap Stocks,Price move year-to-date,0.0900131406,9%,10
2025-04-15,China Large Cap Stocks,max,0.2664257556,,0
2025-04-15,China Large Cap Stocks,min,-0.05880420499,,0
2025-04-15,Bitcoin,Price move year-to-date,-0.07604037934,-7.60%,10
2025-04-15,Bitcoin,max,0.1426293332,,0
2025-04-15,Bitcoin,min,-0.1881106989,,0
2025-04-15,Emerging Market Stocks,Price move year-to-date,0.006456241033,0.60%,10
2025-04-15,Emerging Market Stocks,max,0.08417025347,,0
2025-04-15,Emerging Market Stocks,min,-0.07890961263,,0
2025-04-15,US 10-year Bonds,Price move year-to-date,0.02260681449,2.30%,10
2025-04-15,US 10-year Bonds,max,0.04445646295,,0
2025-04-15,US 10-year Bonds,min,-0.0138453218,,0
2025-04-15,Nvidia,Price move year-to-date,-0.1644947502,-16.40%,10
2025-04-15,Nvidia,max,0.1127410827,,0
2025-04-15,Nvidia,min,-0.2977139027,,0
2025-04-15,US Large Cap Stocks,Price move year-to-date,-0.08246013435,-8.20%,10
2025-04-15,US Large Cap Stocks,max,0.0446338855,,0
2025-04-15,US Large Cap Stocks,min,-0.1528249822,,0
2025-04-15,US dollar,Price move year-to-date,-0.06492182189,-6.50%,10
2025-04-15,US dollar,max,0.01461590755,,0
2025-04-15,US dollar,min,-0.07002039429,,0
2025-04-15,US Small Cap Stocks,Price move year-to-date,-0.1547791455,-15.50%,10
2025-04-15,US Small Cap Stocks,max,0.03996198407,,0
2025-04-15,US Small Cap Stocks,min,-0.2088160753,,0
2025-04-15,Tesla,Price move year-to-date,-0.3707656498,-37.10%,10
2025-04-15,Tesla,max,0.06037044374,,0
2025-04-15,Tesla,min,-0.4506240095,,0
2025-04-15,Crude Oil,Price move year-to-date,-0.1529559398,-15.30%,10
2025-04-15,Crude Oil,max,0.0974623536,,0
2025-04-15,Crude Oil,min,-0.1692693809,,0
2025-04-16,Gold,Price move year-to-date,0.2698550366,27%,10
2025-04-16,Gold,max,0.2698550366,,0
2025-04-16,Gold,min,0,,0
2025-04-16,European Stocks,Price move year-to-date,0.09043642666,9%,10
2025-04-16,European Stocks,max,0.1580274145,,0
2025-04-16,European Stocks,min,-0.01165905152,,0
2025-04-16,China Large Cap Stocks,Price move year-to-date,0.06504599212,6.50%,10
2025-04-16,China Large Cap Stocks,max,0.2664257556,,0
2025-04-16,China Large Cap Stocks,min,-0.05880420499,,0
2025-04-16,Bitcoin,Price move year-to-date,-0.09369786981,-9.40%,10
2025-04-16,Bitcoin,max,0.1426293332,,0
2025-04-16,Bitcoin,min,-0.1881106989,,0
2025-04-16,Emerging Market Stocks,Price move year-to-date,-0.005260640842,-0.50%,10
2025-04-16,Emerging Market Stocks,max,0.08417025347,,0
2025-04-16,Emerging Market Stocks,min,-0.07890961263,,0
2025-04-16,US 10-year Bonds,Price move year-to-date,0.02704164413,2.70%,10
2025-04-16,US 10-year Bonds,max,0.04445646295,,0
2025-04-16,US 10-year Bonds,min,-0.0138453218,,0
2025-04-16,Nvidia,Price move year-to-date,-0.2219078115,-22.20%,10
2025-04-16,Nvidia,max,0.1127410827,,0
2025-04-16,Nvidia,min,-0.2977139027,,0
2025-04-16,US Large Cap Stocks,Price move year-to-date,-0.1030207613,-10.30%,10
2025-04-16,US Large Cap Stocks,max,0.0446338855,,0
2025-04-16,US Large Cap Stocks,min,-0.1528249822,,0
2025-04-16,US dollar,Price move year-to-date,-0.0727396329,-7.30%,10
2025-04-16,US dollar,max,0.01461590755,,0
2025-04-16,US dollar,min,-0.0727396329,,0
2025-04-16,US Small Cap Stocks,Price move year-to-date,-0.1628801593,-16.30%,10
2025-04-16,US Small Cap Stocks,max,0.03996198407,,0
2025-04-16,US Small Cap Stocks,min,-0.2088160753,,0
2025-04-16,Tesla,Price move year-to-date,-0.4018670761,-40.20%,10
2025-04-16,Tesla,max,0.06037044374,,0
2025-04-16,Tesla,min,-0.4506240095,,0
2025-04-16,Crude Oil,Price move year-to-date,-0.1378973787,-13.80%,10
2025-04-16,Crude Oil,max,0.0974623536,,0
2025-04-16,Crude Oil,min,-0.1692693809,,0
2025-04-17,Gold,Price move year-to-date,0.2642795193,26.40%,10
2025-04-17,Gold,max,0.2698550366,,0
2025-04-17,Gold,min,0,,0
2025-04-17,European Stocks,Price move year-to-date,0.1017803687,10.20%,10
2025-04-17,European Stocks,max,0.1580274145,,0
2025-04-17,European Stocks,min,-0.01165905152,,0
2025-04-17,China Large Cap Stocks,Price move year-to-date,0.06438896189,6.40%,10
2025-04-17,China Large Cap Stocks,max,0.2664257556,,0
2025-04-17,China Large Cap Stocks,min,-0.05880420499,,0
2025-04-17,Bitcoin,Price move year-to-date,-0.09041490259,-9%,10
2025-04-17,Bitcoin,max,0.1426293332,,0
2025-04-17,Bitcoin,min,-0.1881106989,,0
2025-04-17,Emerging Market Stocks,Price move year-to-date,0.002391200383,0.20%,10
2025-04-17,Emerging Market Stocks,max,0.08417025347,,0
2025-04-17,Emerging Market Stocks,min,-0.07890961263,,0
2025-04-17,US 10-year Bonds,Price move year-to-date,0.02412114657,2.40%,10
2025-04-17,US 10-year Bonds,max,0.04445646295,,0
2025-04-17,US 10-year Bonds,min,-0.0138453218,,0
2025-04-17,Nvidia,Price move year-to-date,-0.244247524,-24.40%,10
2025-04-17,Nvidia,max,0.1127410827,,0
2025-04-17,Nvidia,min,-0.2977139027,,0
2025-04-17,US Large Cap Stocks,Price move year-to-date,-0.101830615,-10.20%,10
2025-04-17,US Large Cap Stocks,max,0.0446338855,,0
2025-04-17,US Large Cap Stocks,min,-0.1528249822,,0
2025-04-17,US dollar,Price move year-to-date,-0.07205982325,-7.20%,10
2025-04-17,US dollar,max,0.01461590755,,0
2025-04-17,US dollar,min,-0.0727396329,,0
2025-04-17,US Small Cap Stocks,Price move year-to-date,-0.1560463432,-15.60%,10
2025-04-17,US Small Cap Stocks,max,0.03996198407,,0
2025-04-17,US Small Cap Stocks,min,-0.2088160753,,0
2025-04-17,Tesla,Price move year-to-date,-0.4023127971,-40.20%,10
2025-04-17,Tesla,max,0.06037044374,,0
2025-04-17,Tesla,min,-0.4506240095,,0
2025-04-17,Crude Oil,Price move year-to-date,-0.1075013943,-10.80%,10
2025-04-17,Crude Oil,max,0.0974623536,,0
2025-04-17,Crude Oil,min,-0.1692693809,,0
2025-04-21,Gold,Price move year-to-date,0.3033907405,30.30%,10
2025-04-21,Gold,max,0.3033907405,,0
2025-04-21,Gold,min,0,,0
2025-04-21,European Stocks,Price move year-to-date,0.09437529542,9.40%,10
2025-04-21,European Stocks,max,0.1580274145,,0
2025-04-21,European Stocks,min,-0.01165905152,,0
2025-04-21,China Large Cap Stocks,Price move year-to-date,0.06537450723,6.50%,10
2025-04-21,China Large Cap Stocks,max,0.2664257556,,0
2025-04-21,China Large Cap Stocks,min,-0.05880420499,,0
2025-04-21,Bitcoin,Price move year-to-date,-0.05661773517,-5.70%,10
2025-04-21,Bitcoin,max,0.1426293332,,0
2025-04-21,Bitcoin,min,-0.1881106989,,0
2025-04-21,Emerging Market Stocks,Price move year-to-date,0.002152080344,0.20%,10
2025-04-21,Emerging Market Stocks,max,0.08417025347,,0
2025-04-21,Emerging Market Stocks,min,-0.07890961263,,0
2025-04-21,US 10-year Bonds,Price move year-to-date,0.01860465116,1.90%,10
2025-04-21,US 10-year Bonds,max,0.04445646295,,0
2025-04-21,US 10-year Bonds,min,-0.0138453218,,0
2025-04-21,Nvidia,Price move year-to-date,-0.2783528185,-27.80%,10
2025-04-21,Nvidia,max,0.1127410827,,0
2025-04-21,Nvidia,min,-0.2977139027,,0
2025-04-21,US Large Cap Stocks,Price move year-to-date,-0.1229982165,-12.30%,10
2025-04-21,US Large Cap Stocks,max,0.0446338855,,0
2025-04-21,US Large Cap Stocks,min,-0.1528249822,,0
2025-04-21,US dollar,Price move year-to-date,-0.08089734874,-8.10%,10
2025-04-21,US dollar,max,0.01461590755,,0
2025-04-21,US dollar,min,-0.08089734874,,0
2025-04-21,US Small Cap Stocks,Price move year-to-date,-0.1729724837,-17.30%,10
2025-04-21,US Small Cap Stocks,max,0.03996198407,,0
2025-04-21,US Small Cap Stocks,min,-0.2088160753,,0
2025-04-21,Tesla,Price move year-to-date,-0.4366580824,-43.70%,10
2025-04-21,Tesla,max,0.06037044374,,0
2025-04-21,Tesla,min,-0.4506240095,,0
2025-04-21,Crude Oil,Price move year-to-date,-0.1298103737,-13%,10
2025-04-21,Crude Oil,max,0.0974623536,,0
2025-04-21,Crude Oil,min,-0.1692693809,,0
2025-04-22,Gold,Price move year-to-date,0.2848882832,28.50%,10
2025-04-22,Gold,max,0.3033907405,,0
2025-04-22,Gold,min,0,,0
2025-04-22,European Stocks,Price move year-to-date,0.1169056247,11.70%,10
2025-04-22,European Stocks,max,0.1580274145,,0
2025-04-22,European Stocks,min,-0.01165905152,,0
2025-04-22,China Large Cap Stocks,Price move year-to-date,0.09921156373,9.90%,10
2025-04-22,China Large Cap Stocks,max,0.2664257556,,0
2025-04-22,China Large Cap Stocks,min,-0.05880420499,,0
2025-04-22,Bitcoin,Price move year-to-date,-0.04627794173,-4.60%,10
2025-04-22,Bitcoin,max,0.1426293332,,0
2025-04-22,Bitcoin,min,-0.1881106989,,0
2025-04-22,Emerging Market Stocks,Price move year-to-date,0.01721664275,1.70%,10
2025-04-22,Emerging Market Stocks,max,0.08417025347,,0
2025-04-22,Emerging Market Stocks,min,-0.07890961263,,0
2025-04-22,US 10-year Bonds,Price move year-to-date,0.0193618172,1.90%,10
2025-04-22,US 10-year Bonds,max,0.04445646295,,0
2025-04-22,US 10-year Bonds,min,-0.0138453218,,0
2025-04-22,Nvidia,Price move year-to-date,-0.2636086082,-26.40%,10
2025-04-22,Nvidia,max,0.1127410827,,0
2025-04-22,Nvidia,min,-0.2977139027,,0
2025-04-22,US Large Cap Stocks,Price move year-to-date,-0.1009703093,-10.10%,10
2025-04-22,US Large Cap Stocks,max,0.0446338855,,0
2025-04-22,US Large Cap Stocks,min,-0.1528249822,,0
2025-04-22,US dollar,Price move year-to-date,-0.07579877634,-7.60%,10
2025-04-22,US dollar,max,0.01461590755,,0
2025-04-22,US dollar,min,-0.08089734874,,0
2025-04-22,US Small Cap Stocks,Price move year-to-date,-0.1515658943,-15.20%,10
2025-04-22,US Small Cap Stocks,max,0.03996198407,,0
2025-04-22,US Small Cap Stocks,min,-0.2088160753,,0
2025-04-22,Tesla,Price move year-to-date,-0.4107319731,-41.10%,10
2025-04-22,Tesla,max,0.06037044374,,0
2025-04-22,Tesla,min,-0.4506240095,,0
2025-04-22,Crude Oil,Price move year-to-date,-0.1122420524,-11.20%,10
2025-04-22,Crude Oil,max,0.0974623536,,0
2025-04-22,Crude Oil,min,-0.1692693809,,0
2025-04-23,Gold,Price move year-to-date,0.2540783876,25.40%,10
2025-04-23,Gold,max,0.3033907405,,0
2025-04-23,Gold,min,0,,0
2025-04-23,European Stocks,Price move year-to-date,0.1206869387,12.10%,10
2025-04-23,European Stocks,max,0.1580274145,,0
2025-04-23,European Stocks,min,-0.01165905152,,0
2025-04-23,China Large Cap Stocks,Price move year-to-date,0.1113666229,11.10%,10
2025-04-23,China Large Cap Stocks,max,0.2664257556,,0
2025-04-23,China Large Cap Stocks,min,-0.05880420499,,0
2025-04-23,Bitcoin,Price move year-to-date,0.008959018277,0.90%,10
2025-04-23,Bitcoin,max,0.1426293332,,0
2025-04-23,Bitcoin,min,-0.1881106989,,0
2025-04-23,Emerging Market Stocks,Price move year-to-date,0.02893352463,2.90%,10
2025-04-23,Emerging Market Stocks,max,0.08417025347,,0
2025-04-23,Emerging Market Stocks,min,-0.07890961263,,0
2025-04-23,US 10-year Bonds,Price move year-to-date,0.02044348296,2%,10
2025-04-23,US 10-year Bonds,max,0.04445646295,,0
2025-04-23,US 10-year Bonds,min,-0.0138453218,,0
2025-04-23,Nvidia,Price move year-to-date,-0.2351627076,-23.50%,10
2025-04-23,Nvidia,max,0.1127410827,,0
2025-04-23,Nvidia,min,-0.2977139027,,0
2025-04-23,US Large Cap Stocks,Price move year-to-date,-0.08599146835,-8.60%,10
2025-04-23,US Large Cap Stocks,max,0.0446338855,,0
2025-04-23,US Large Cap Stocks,min,-0.1528249822,,0
2025-04-23,US dollar,Price move year-to-date,-0.06730115568,-6.70%,10
2025-04-23,US dollar,max,0.01461590755,,0
2025-04-23,US dollar,min,-0.08089734874,,0
2025-04-23,US Small Cap Stocks,Price move year-to-date,-0.1389844316,-13.90%,10
2025-04-23,US Small Cap Stocks,max,0.03996198407,,0
2025-04-23,US Small Cap Stocks,min,-0.2088160753,,0
2025-04-23,Tesla,Price move year-to-date,-0.3791105388,-37.90%,10
2025-04-23,Tesla,max,0.06037044374,,0
2025-04-23,Tesla,min,-0.4506240095,,0
2025-04-23,Crude Oil,Price move year-to-date,-0.1317624094,-13.20%,10
2025-04-23,Crude Oil,max,0.0974623536,,0
2025-04-23,Crude Oil,min,-0.1692693809,,0
2025-04-24,Gold,Price move year-to-date,0.2723330442,27.20%,10
2025-04-24,Gold,max,0.3033907405,,0
2025-04-24,Gold,min,0,,0
2025-04-24,European Stocks,Price move year-to-date,0.1353395305,13.50%,10
2025-04-24,European Stocks,max,0.1580274145,,0
2025-04-24,European Stocks,min,-0.01165905152,,0
2025-04-24,China Large Cap Stocks,Price move year-to-date,0.120565046,12.10%,10
2025-04-24,China Large Cap Stocks,max,0.2664257556,,0
2025-04-24,China Large Cap Stocks,min,-0.05880420499,,0
2025-04-24,Bitcoin,Price move year-to-date,0.003793667853,0.40%,10
2025-04-24,Bitcoin,max,0.1426293332,,0
2025-04-24,Bitcoin,min,-0.1881106989,,0
2025-04-24,Emerging Market Stocks,Price move year-to-date,0.04088952654,4.10%,10
2025-04-24,Emerging Market Stocks,max,0.08417025347,,0
2025-04-24,Emerging Market Stocks,min,-0.07890961263,,0
2025-04-24,US 10-year Bonds,Price move year-to-date,0.02595997837,2.60%,10
2025-04-24,US 10-year Bonds,max,0.04445646295,,0
2025-04-24,US 10-year Bonds,min,-0.0138453218,,0
2025-04-24,Nvidia,Price move year-to-date,-0.207461464,-20.70%,10
2025-04-24,Nvidia,max,0.1127410827,,0
2025-04-24,Nvidia,min,-0.2977139027,,0
2025-04-24,US Large Cap Stocks,Price move year-to-date,-0.06747449262,-6.70%,10
2025-04-24,US Large Cap Stocks,max,0.0446338855,,0
2025-04-24,US Large Cap Stocks,min,-0.1528249822,,0
2025-04-24,US dollar,Price move year-to-date,-0.0713800136,-7.10%,10
2025-04-24,US dollar,max,0.01461590755,,0
2025-04-24,US dollar,min,-0.08089734874,,0
2025-04-24,US Small Cap Stocks,Price move year-to-date,-0.1217414917,-12.20%,10
2025-04-24,US Small Cap Stocks,max,0.03996198407,,0
2025-04-24,US Small Cap Stocks,min,-0.2088160753,,0
2025-04-24,Tesla,Price move year-to-date,-0.3573940174,-35.70%,10
2025-04-24,Tesla,max,0.06037044374,,0
2025-04-24,Tesla,min,-0.4506240095,,0
2025-04-24,Crude Oil,Price move year-to-date,-0.1245119911,-12.50%,10
2025-04-24,Crude Oil,max,0.0974623536,,0
2025-04-24,Crude Oil,min,-0.1692693809,,0
2025-04-25,Gold,Price move year-to-date,0.2585388015,25.90%,10
2025-04-25,Gold,max,0.3033907405,,0
2025-04-25,Gold,min,0,,0
2025-04-25,European Stocks,Price move year-to-date,0.140066173,14%,10
2025-04-25,European Stocks,max,0.1580274145,,0
2025-04-25,European Stocks,min,-0.01165905152,,0
2025-04-25,China Large Cap Stocks,Price move year-to-date,0.1162943495,11.60%,10
2025-04-25,China Large Cap Stocks,max,0.2664257556,,0
2025-04-25,China Large Cap Stocks,min,-0.05880420499,,0
2025-04-25,Bitcoin,Price move year-to-date,0.01044717263,1%,10
2025-04-25,Bitcoin,max,0.1426293332,,0
2025-04-25,Bitcoin,min,-0.1881106989,,0
2025-04-25,Emerging Market Stocks,Price move year-to-date,0.03897656624,3.90%,10
2025-04-25,Emerging Market Stocks,max,0.08417025347,,0
2025-04-25,Emerging Market Stocks,min,-0.07890961263,,0
2025-04-25,US 10-year Bonds,Price move year-to-date,0.02985397512,3%,10
2025-04-25,US 10-year Bonds,max,0.04445646295,,0
2025-04-25,US 10-year Bonds,min,-0.0138453218,,0
2025-04-25,Nvidia,Price move year-to-date,-0.1733561695,-17.30%,10
2025-04-25,Nvidia,max,0.1127410827,,0
2025-04-25,Nvidia,min,-0.2977139027,,0
2025-04-25,US Large Cap Stocks,Price move year-to-date,-0.0605988476,-6.10%,10
2025-04-25,US Large Cap Stocks,max,0.0446338855,,0
2025-04-25,US Large Cap Stocks,min,-0.1528249822,,0
2025-04-25,US dollar,Price move year-to-date,-0.06900067981,-6.90%,10
2025-04-25,US dollar,max,0.01461590755,,0
2025-04-25,US dollar,min,-0.08089734874,,0
2025-04-25,US Small Cap Stocks,Price move year-to-date,-0.1214699493,-12.10%,10
2025-04-25,US Small Cap Stocks,max,0.03996198407,,0
2025-04-25,US Small Cap Stocks,min,-0.2088160753,,0
2025-04-25,Tesla,Price move year-to-date,-0.2943987718,-29.40%,10
2025-04-25,Tesla,max,0.06037044374,,0
2025-04-25,Tesla,min,-0.4506240095,,0
2025-04-25,Crude Oil,Price move year-to-date,-0.1213050753,-12.10%,10
2025-04-25,Crude Oil,max,0.0974623536,,0
2025-04-25,Crude Oil,min,-0.1692693809,,0
2025-04-28,Gold,Price move year-to-date,0.276463057,27.60%,10
2025-04-28,Gold,max,0.3033907405,,0
2025-04-28,Gold,min,0,,0
2025-04-28,European Stocks,Price move year-to-date,0.1474712463,14.70%,10
2025-04-28,European Stocks,max,0.1580274145,,0
2025-04-28,European Stocks,min,-0.01165905152,,0
2025-04-28,China Large Cap Stocks,Price move year-to-date,0.1169513798,11.70%,10
2025-04-28,China Large Cap Stocks,max,0.2664257556,,0
2025-04-28,China Large Cap Stocks,min,-0.05880420499,,0
2025-04-28,Bitcoin,Price move year-to-date,0.01655068379,1.70%,10
2025-04-28,Bitcoin,max,0.1426293332,,0
2025-04-28,Bitcoin,min,-0.1881106989,,0
2025-04-28,Emerging Market Stocks,Price move year-to-date,0.04088952654,4.10%,10
2025-04-28,Emerging Market Stocks,max,0.08417025347,,0
2025-04-28,Emerging Market Stocks,min,-0.07890961263,,0
2025-04-28,US 10-year Bonds,Price move year-to-date,0.03396430503,3.40%,10
2025-04-28,US 10-year Bonds,max,0.04445646295,,0
2025-04-28,US 10-year Bonds,min,-0.0138453218,,0
2025-04-28,Nvidia,Price move year-to-date,-0.190334351,-19%,10
2025-04-28,Nvidia,max,0.1127410827,,0
2025-04-28,Nvidia,min,-0.2977139027,,0
2025-04-28,US Large Cap Stocks,Price move year-to-date,-0.05999697363,-6%,10
2025-04-28,US Large Cap Stocks,max,0.0446338855,,0
2025-04-28,US Large Cap Stocks,min,-0.1528249822,,0
2025-04-28,US dollar,Price move year-to-date,-0.07477906186,-7.50%,10
2025-04-28,US dollar,max,0.01461590755,,0
2025-04-28,US dollar,min,-0.08089734874,,0
2025-04-28,US Small Cap Stocks,Price move year-to-date,-0.1177588704,-11.80%,10
2025-04-28,US Small Cap Stocks,max,0.03996198407,,0
2025-04-28,US Small Cap Stocks,min,-0.2088160753,,0
2025-04-28,Tesla,Price move year-to-date,-0.2920958796,-29.20%,10
2025-04-28,Tesla,max,0.06037044374,,0
2025-04-28,Tesla,min,-0.4506240095,,0
2025-04-28,Crude Oil,Price move year-to-date,-0.134829894,-13.50%,10
2025-04-28,Crude Oil,max,0.0974623536,,0
2025-04-28,Crude Oil,min,-0.1692693809,,0
2025-04-29,Gold,Price move year-to-date,0.2640317185,26.40%,10
2025-04-29,Gold,max,0.3033907405,,0
2025-04-29,Gold,min,0,,0
2025-04-29,European Stocks,Price move year-to-date,0.1498345675,15%,10
2025-04-29,European Stocks,max,0.1580274145,,0
2025-04-29,European Stocks,min,-0.01165905152,,0
2025-04-29,China Large Cap Stocks,Price move year-to-date,0.1103810775,11%,10
2025-04-29,China Large Cap Stocks,max,0.2664257556,,0
2025-04-29,China Large Cap Stocks,min,-0.05880420499,,0
2025-04-29,Bitcoin,Price move year-to-date,0.02526679995,2.50%,10
2025-04-29,Bitcoin,max,0.1426293332,,0
2025-04-29,Bitcoin,min,-0.1881106989,,0
2025-04-29,Emerging Market Stocks,Price move year-to-date,0.043758967,4.40%,10
2025-04-29,Emerging Market Stocks,max,0.08417025347,,0
2025-04-29,Emerging Market Stocks,min,-0.07890961263,,0
2025-04-29,US 10-year Bonds,Price move year-to-date,0.03753380206,3.80%,10
2025-04-29,US 10-year Bonds,max,0.04445646295,,0
2025-04-29,US 10-year Bonds,min,-0.0138453218,,0
2025-04-29,Nvidia,Price move year-to-date,-0.1881748455,-18.80%,10
2025-04-29,Nvidia,max,0.1127410827,,0
2025-04-29,Nvidia,min,-0.2977139027,,0
2025-04-29,US Large Cap Stocks,Price move year-to-date,-0.0545427033,-5.50%,10
2025-04-29,US Large Cap Stocks,max,0.0446338855,,0
2025-04-29,US Large Cap Stocks,min,-0.1528249822,,0
2025-04-29,US dollar,Price move year-to-date,-0.07171991842,-7.20%,10
2025-04-29,US dollar,max,0.01461590755,,0
2025-04-29,US dollar,min,-0.08089734874,,0
2025-04-29,US Small Cap Stocks,Price move year-to-date,-0.1125543085,-11.30%,10
2025-04-29,US Small Cap Stocks,max,0.03996198407,,0
2025-04-29,US Small Cap Stocks,min,-0.2088160753,,0
2025-04-29,Tesla,Price move year-to-date,-0.2768670761,-27.70%,10
2025-04-29,Tesla,max,0.06037044374,,0
2025-04-29,Tesla,min,-0.4506240095,,0
2025-04-29,Crude Oil,Price move year-to-date,-0.1575571668,-15.80%,10
2025-04-29,Crude Oil,max,0.0974623536,,0
2025-04-29,Crude Oil,min,-0.1692693809,,0
2025-04-30,Gold,Price move year-to-date,0.2545739892,25.50%,10
2025-04-30,Gold,max,0.3033907405,,0
2025-04-30,Gold,min,0,,0
2025-04-30,European Stocks,Price move year-to-date,0.1487316843,14.90%,10
2025-04-30,European Stocks,max,0.1580274145,,0
2025-04-30,European Stocks,min,-0.01165905152,,0
2025-04-30,China Large Cap Stocks,Price move year-to-date,0.1123521682,11.20%,10
2025-04-30,China Large Cap Stocks,max,0.2664257556,,0
2025-04-30,China Large Cap Stocks,min,-0.05880420499,,0
2025-04-30,Bitcoin,Price move year-to-date,0.02878281898,2.90%,10
2025-04-30,Bitcoin,max,0.1426293332,,0
2025-04-30,Bitcoin,min,-0.1881106989,,0
2025-04-30,Emerging Market Stocks,Price move year-to-date,0.04638928742,4.60%,10
2025-04-30,Emerging Market Stocks,max,0.08417025347,,0
2025-04-30,Emerging Market Stocks,min,-0.07890961263,,0
2025-04-30,US 10-year Bonds,Price move year-to-date,0.0391563007,3.90%,10
2025-04-30,US 10-year Bonds,max,0.04445646295,,0
2025-04-30,US 10-year Bonds,min,-0.0138453218,,0
2025-04-30,Nvidia,Price move year-to-date,-0.1889195026,-18.90%,10
2025-04-30,Nvidia,max,0.1127410827,,0
2025-04-30,Nvidia,min,-0.2977139027,,0
2025-04-30,US Large Cap Stocks,Price move year-to-date,-0.05314343133,-5.30%,10
2025-04-30,US Large Cap Stocks,max,0.0446338855,,0
2025-04-30,US Large Cap Stocks,min,-0.1528249822,,0
2025-04-30,US dollar,Price move year-to-date,-0.06832087016,-6.80%,10
2025-04-30,US dollar,max,0.01461590755,,0
2025-04-30,US dollar,min,-0.08089734874,,0
2025-04-30,US Small Cap Stocks,Price move year-to-date,-0.1181209269,-11.80%,10
2025-04-30,US Small Cap Stocks,max,0.03996198407,,0
2025-04-30,US Small Cap Stocks,min,-0.2088160753,,0
2025-04-30,Tesla,Price move year-to-date,-0.3013074485,-30.10%,10
2025-04-30,Tesla,max,0.06037044374,,0
2025-04-30,Tesla,min,-0.4506240095,,0
2025-04-30,Crude Oil,Price move year-to-date,-0.1883714445,-18.80%,10
2025-04-30,Crude Oil,max,0.0974623536,,0
2025-04-30,Crude Oil,min,-0.1883714445,,0
2025-05-01,Gold,Price move year-to-date,0.2285136084,22.90%,10
2025-05-01,Gold,max,0.3033907405,,0
2025-05-01,Gold,min,0,,0
2025-05-01,European Stocks,Price move year-to-date,0.1446352608,14.50%,10
2025-05-01,European Stocks,max,0.1580274145,,0
2025-05-01,European Stocks,min,-0.01165905152,,0
2025-05-01,China Large Cap Stocks,Price move year-to-date,0.1100525624,11%,10
2025-05-01,China Large Cap Stocks,max,0.2664257556,,0
2025-05-01,China Large Cap Stocks,min,-0.05880420499,,0
2025-05-01,Bitcoin,Price move year-to-date,0.02625594415,2.60%,10
2025-05-01,Bitcoin,max,0.1426293332,,0
2025-05-01,Bitcoin,min,-0.1881106989,,0
2025-05-01,Emerging Market Stocks,Price move year-to-date,0.04615016738,4.60%,10
2025-05-01,Emerging Market Stocks,max,0.08417025347,,0
2025-05-01,Emerging Market Stocks,min,-0.07890961263,,0
2025-05-01,US 10-year Bonds,Price move year-to-date,0.03126014062,3.10%,10
2025-05-01,US 10-year Bonds,max,0.04445646295,,0
2025-05-01,US 10-year Bonds,min,-0.0138453218,,0
2025-05-01,Nvidia,Price move year-to-date,-0.168888227,-16.90%,10
2025-05-01,Nvidia,max,0.1127410827,,0
2025-05-01,Nvidia,min,-0.2977139027,,0
2025-05-01,US Large Cap Stocks,Price move year-to-date,-0.04717909831,-4.70%,10
2025-05-01,US Large Cap Stocks,max,0.0446338855,,0
2025-05-01,US Large Cap Stocks,min,-0.1528249822,,0
2025-05-01,US dollar,Price move year-to-date,-0.06288239293,-6.30%,10
2025-05-01,US dollar,max,0.01461590755,,0
2025-05-01,US dollar,min,-0.08089734874,,0
2025-05-01,US Small Cap Stocks,Price move year-to-date,-0.1126448226,-11.30%,10
2025-05-01,US Small Cap Stocks,max,0.03996198407,,0
2025-05-01,US Small Cap Stocks,min,-0.2088160753,,0
2025-05-01,Tesla,Price move year-to-date,-0.3053684628,-30.50%,10
2025-05-01,Tesla,max,0.06037044374,,0
2025-05-01,Tesla,min,-0.4506240095,,0
2025-05-01,Crude Oil,Price move year-to-date,-0.174010039,-17.40%,10
2025-05-01,Crude Oil,max,0.0974623536,,0
2025-05-01,Crude Oil,min,-0.1883714445,,0
2025-05-02,Gold,Price move year-to-date,0.230661215,23.10%,10
2025-05-02,Gold,max,0.3033907405,,0
2025-05-02,Gold,min,0,,0
2025-05-02,European Stocks,Price move year-to-date,0.1687411375,16.90%,10
2025-05-02,European Stocks,max,0.1687411375,,0
2025-05-02,European Stocks,min,-0.01165905152,,0
2025-05-02,China Large Cap Stocks,Price move year-to-date,0.1468462549,14.70%,10
2025-05-02,China Large Cap Stocks,max,0.2664257556,,0
2025-05-02,China Large Cap Stocks,min,-0.05880420499,,0
2025-05-02,Bitcoin,Price move year-to-date,0.05118783359,5.10%,10
2025-05-02,Bitcoin,max,0.1426293332,,0
2025-05-02,Bitcoin,min,-0.1881106989,,0
2025-05-02,Emerging Market Stocks,Price move year-to-date,0.07604017217,7.60%,10
2025-05-02,Emerging Market Stocks,max,0.08417025347,,0
2025-05-02,Emerging Market Stocks,min,-0.07890961263,,0
2025-05-02,US 10-year Bonds,Price move year-to-date,0.02433747972,2.40%,10
2025-05-02,US 10-year Bonds,max,0.04445646295,,0
2025-05-02,US 10-year Bonds,min,-0.0138453218,,0
2025-05-02,Nvidia,Price move year-to-date,-0.1473676372,-14.70%,10
2025-05-02,Nvidia,max,0.1127410827,,0
2025-05-02,Nvidia,min,-0.2977139027,,0
2025-05-02,US Large Cap Stocks,Price move year-to-date,-0.0331472738,-3.30%,10
2025-05-02,US Large Cap Stocks,max,0.0446338855,,0
2025-05-02,US Large Cap Stocks,min,-0.1528249822,,0
2025-05-02,US dollar,Price move year-to-date,-0.06424201224,-6.40%,10
2025-05-02,US dollar,max,0.01461590755,,0
2025-05-02,US dollar,min,-0.08089734874,,0
2025-05-02,US Small Cap Stocks,Price move year-to-date,-0.09268645909,-9.30%,10
2025-05-02,US Small Cap Stocks,max,0.03996198407,,0
2025-05-02,US Small Cap Stocks,min,-0.2088160753,,0
2025-05-02,Tesla,Price move year-to-date,-0.288802496,-28.90%,10
2025-05-02,Tesla,max,0.06037044374,,0
2025-05-02,Tesla,min,-0.4506240095,,0
2025-05-02,Crude Oil,Price move year-to-date,-0.1872559955,-18.70%,10
2025-05-02,Crude Oil,max,0.0974623536,,0
2025-05-02,Crude Oil,min,-0.1883714445,,0
2025-05-05,Gold,Price move year-to-date,0.267418329,26.70%,10
2025-05-05,Gold,max,0.3033907405,,0
2025-05-05,Gold,min,0,,0
2025-05-05,European Stocks,Price move year-to-date,0.170316685,17%,10
2025-05-05,European Stocks,max,0.170316685,,0
2025-05-05,European Stocks,min,-0.01165905152,,0
2025-05-05,China Large Cap Stocks,Price move year-to-date,0.1455321945,14.60%,10
2025-05-05,China Large Cap Stocks,max,0.2664257556,,0
2025-05-05,China Large Cap Stocks,min,-0.05880420499,,0
2025-05-05,Bitcoin,Price move year-to-date,0.02026641513,2%,10
2025-05-05,Bitcoin,max,0.1426293332,,0
2025-05-05,Bitcoin,min,-0.1881106989,,0
2025-05-05,Emerging Market Stocks,Price move year-to-date,0.08417025347,8.40%,10
2025-05-05,Emerging Market Stocks,max,0.08417025347,,0
2025-05-05,Emerging Market Stocks,min,-0.07890961263,,0
2025-05-05,US 10-year Bonds,Price move year-to-date,0.02249864792,2.20%,10
2025-05-05,US 10-year Bonds,max,0.04445646295,,0
2025-05-05,US 10-year Bonds,min,-0.0138453218,,0
2025-05-05,Nvidia,Price move year-to-date,-0.1524313054,-15.20%,10
2025-05-05,Nvidia,max,0.1127410827,,0
2025-05-05,Nvidia,min,-0.2977139027,,0
2025-05-05,US Large Cap Stocks,Price move year-to-date,-0.0393173321,-3.90%,10
2025-05-05,US Large Cap Stocks,max,0.0446338855,,0
2025-05-05,US Large Cap Stocks,min,-0.1528249822,,0
2025-05-05,US dollar,Price move year-to-date,-0.06594153637,-6.60%,10
2025-05-05,US dollar,max,0.01461590755,,0
2025-05-05,US dollar,min,-0.08089734874,,0
2025-05-05,US Small Cap Stocks,Price move year-to-date,-0.09965604634,-10%,10
2025-05-05,US Small Cap Stocks,max,0.03996198407,,0
2025-05-05,US Small Cap Stocks,min,-0.2088160753,,0
2025-05-05,Tesla,Price move year-to-date,-0.3060122821,-30.60%,10
2025-05-05,Tesla,max,0.06037044374,,0
2025-05-05,Tesla,min,-0.4506240095,,0
2025-05-05,Crude Oil,Price move year-to-date,-0.2034300056,-20.30%,10
2025-05-05,Crude Oil,max,0.0974623536,,0
2025-05-05,Crude Oil,min,-0.2034300056,,0
2025-05-06,Gold,Price move year-to-date,0.3029364391,30.30%,10
2025-05-06,Gold,max,0.3033907405,,0
2025-05-06,Gold,min,0,,0
2025-05-06,European Stocks,Price move year-to-date,0.1673231448,16.70%,10
2025-05-06,European Stocks,max,0.170316685,,0
2025-05-06,European Stocks,min,-0.01165905152,,0
2025-05-06,China Large Cap Stocks,Price move year-to-date,0.1586727989,15.90%,10
2025-05-06,China Large Cap Stocks,max,0.2664257556,,0
2025-05-06,China Large Cap Stocks,min,-0.05880420499,,0
2025-05-06,Bitcoin,Price move year-to-date,0.02279870223,2.30%,10
2025-05-06,Bitcoin,max,0.1426293332,,0
2025-05-06,Bitcoin,min,-0.1881106989,,0
2025-05-06,Emerging Market Stocks,Price move year-to-date,0.07986609278,8%,10
2025-05-06,Emerging Market Stocks,max,0.08417025347,,0
2025-05-06,Emerging Market Stocks,min,-0.07890961263,,0
2025-05-06,US 10-year Bonds,Price move year-to-date,0.02509464575,2.50%,10
2025-05-06,US 10-year Bonds,max,0.04445646295,,0
2025-05-06,US 10-year Bonds,min,-0.0138453218,,0
2025-05-06,Nvidia,Price move year-to-date,-0.1545163452,-15.50%,10
2025-05-06,Nvidia,max,0.1127410827,,0
2025-05-06,Nvidia,min,-0.2977139027,,0
2025-05-06,US Large Cap Stocks,Price move year-to-date,-0.04670814043,-4.70%,10
2025-05-06,US Large Cap Stocks,max,0.0446338855,,0
2025-05-06,US Large Cap Stocks,min,-0.1528249822,,0
2025-05-06,US dollar,Price move year-to-date,-0.07171991842,-7.20%,10
2025-05-06,US dollar,max,0.01461590755,,0
2025-05-06,US dollar,min,-0.08089734874,,0
2025-05-06,US Small Cap Stocks,Price move year-to-date,-0.1094768284,-10.90%,10
2025-05-06,US Small Cap Stocks,max,0.03996198407,,0
2025-05-06,US Small Cap Stocks,min,-0.2088160753,,0
2025-05-06,Tesla,Price move year-to-date,-0.3181705626,-31.80%,10
2025-05-06,Tesla,max,0.06037044374,,0
2025-05-06,Tesla,min,-0.4506240095,,0
2025-05-06,Crude Oil,Price move year-to-date,-0.1761015059,-17.60%,10
2025-05-06,Crude Oil,max,0.0974623536,,0
2025-05-06,Crude Oil,min,-0.2034300056,,0
2025-05-07,Gold,Price move year-to-date,0.2834014785,28.30%,10
2025-05-07,Gold,max,0.3033907405,,0
2025-05-07,Gold,min,0,,0
2025-05-07,European Stocks,Price move year-to-date,0.1638569403,16.40%,10
2025-05-07,European Stocks,max,0.170316685,,0
2025-05-07,European Stocks,min,-0.01165905152,,0
2025-05-07,China Large Cap Stocks,Price move year-to-date,0.13239159,13.20%,10
2025-05-07,China Large Cap Stocks,max,0.2664257556,,0
2025-05-07,China Large Cap Stocks,min,-0.05880420499,,0
2025-05-07,Bitcoin,Price move year-to-date,0.04472927833,4.50%,10
2025-05-07,Bitcoin,max,0.1426293332,,0
2025-05-07,Bitcoin,min,-0.1881106989,,0
2025-05-07,Emerging Market Stocks,Price move year-to-date,0.06743185079,6.70%,10
2025-05-07,Emerging Market Stocks,max,0.08417025347,,0
2025-05-07,Emerging Market Stocks,min,-0.07890961263,,0
2025-05-07,US 10-year Bonds,Price move year-to-date,0.02779881017,2.80%,10
2025-05-07,US 10-year Bonds,max,0.04445646295,,0
2025-05-07,US 10-year Bonds,min,-0.0138453218,,0
2025-05-07,Nvidia,Price move year-to-date,-0.1283044158,-12.80%,10
2025-05-07,Nvidia,max,0.1127410827,,0
2025-05-07,Nvidia,min,-0.2977139027,,0
2025-05-07,US Large Cap Stocks,Price move year-to-date,-0.04256473121,-4.30%,10
2025-05-07,US Large Cap Stocks,max,0.0446338855,,0
2025-05-07,US Large Cap Stocks,min,-0.1528249822,,0
2025-05-07,US dollar,Price move year-to-date,-0.06492182189,-6.50%,10
2025-05-07,US dollar,max,0.01461590755,,0
2025-05-07,US dollar,min,-0.08089734874,,0
2025-05-07,US Small Cap Stocks,Price move year-to-date,-0.1065351195,-10.70%,10
2025-05-07,US Small Cap Stocks,max,0.03996198407,,0
2025-05-07,US Small Cap Stocks,min,-0.2088160753,,0
2025-05-07,Tesla,Price move year-to-date,-0.3160162441,-31.60%,10
2025-05-07,Tesla,max,0.06037044374,,0
2025-05-07,Tesla,min,-0.4506240095,,0
2025-05-07,Crude Oil,Price move year-to-date,-0.1903234802,-19%,10
2025-05-07,Crude Oil,max,0.0974623536,,0
2025-05-07,Crude Oil,min,-0.2034300056,,0
2025-05-08,Gold,Price move year-to-date,0.2581258002,25.80%,10
2025-05-08,Gold,max,0.3033907405,,0
2025-05-08,Gold,min,0,,0
2025-05-08,European Stocks,Price move year-to-date,0.159602962,16%,10
2025-05-08,European Stocks,max,0.170316685,,0
2025-05-08,European Stocks,min,-0.01165905152,,0
2025-05-08,China Large Cap Stocks,Price move year-to-date,0.1498028909,15%,10
2025-05-08,China Large Cap Stocks,max,0.2664257556,,0
2025-05-08,China Large Cap Stocks,min,-0.05880420499,,0
2025-05-08,Bitcoin,Price move year-to-date,0.07281164294,7.30%,10
2025-05-08,Bitcoin,max,0.1426293332,,0
2025-05-08,Bitcoin,min,-0.1881106989,,0
2025-05-08,Emerging Market Stocks,Price move year-to-date,0.06671449067,6.70%,10
2025-05-08,Emerging Market Stocks,max,0.08417025347,,0
2025-05-08,Emerging Market Stocks,min,-0.07890961263,,0
2025-05-08,US 10-year Bonds,Price move year-to-date,0.0197944835,2%,10
2025-05-08,US 10-year Bonds,max,0.04445646295,,0
2025-05-08,US 10-year Bonds,min,-0.0138453218,,0
2025-05-08,Nvidia,Price move year-to-date,-0.1259959789,-12.60%,10
2025-05-08,Nvidia,max,0.1127410827,,0
2025-05-08,Nvidia,min,-0.2977139027,,0
2025-05-08,US Large Cap Stocks,Price move year-to-date,-0.03701184876,-3.70%,10
2025-05-08,US Large Cap Stocks,max,0.0446338855,,0
2025-05-08,US Large Cap Stocks,min,-0.1528249822,,0
2025-05-08,US dollar,Price move year-to-date,-0.05710401088,-5.70%,10
2025-05-08,US dollar,max,0.01461590755,,0
2025-05-08,US dollar,min,-0.08089734874,,0
2025-05-08,US Small Cap Stocks,Price move year-to-date,-0.08951846488,-9%,10
2025-05-08,US Small Cap Stocks,max,0.03996198407,,0
2025-05-08,US Small Cap Stocks,min,-0.2088160753,,0
2025-05-08,Tesla,Price move year-to-date,-0.2947206815,-29.50%,10
2025-05-08,Tesla,max,0.06037044374,,0
2025-05-08,Tesla,min,-0.4506240095,,0
2025-05-08,Crude Oil,Price move year-to-date,-0.1701059677,-17%,10
2025-05-08,Crude Oil,max,0.0974623536,,0
2025-05-08,Crude Oil,min,-0.2034300056,,0
2025-05-09,Gold,Price move year-to-date,0.2672531285,26.70%,10
2025-05-09,Gold,max,0.3033907405,,0
2025-05-09,Gold,min,0,,0
2025-05-09,European Stocks,Price move year-to-date,0.1673231448,16.70%,10
2025-05-09,European Stocks,max,0.170316685,,0
2025-05-09,European Stocks,min,-0.01165905152,,0
2025-05-09,China Large Cap Stocks,Price move year-to-date,0.144218134,14.40%,10
2025-05-09,China Large Cap Stocks,max,0.2664257556,,0
2025-05-09,China Large Cap Stocks,min,-0.05880420499,,0
2025-05-09,Bitcoin,Price move year-to-date,0.1082593324,10.80%,10
2025-05-09,Bitcoin,max,0.1426293332,,0
2025-05-09,Bitcoin,min,-0.1881106989,,0
2025-05-09,Emerging Market Stocks,Price move year-to-date,0.07388809182,7.40%,10
2025-05-09,Emerging Market Stocks,max,0.08417025347,,0
2025-05-09,Emerging Market Stocks,min,-0.07890961263,,0
2025-05-09,US 10-year Bonds,Price move year-to-date,0.02055164954,2.10%,10
2025-05-09,US 10-year Bonds,max,0.04445646295,,0
2025-05-09,US 10-year Bonds,min,-0.0138453218,,0
2025-05-09,Nvidia,Price move year-to-date,-0.1313575099,-13.10%,10
2025-05-09,Nvidia,max,0.1127410827,,0
2025-05-09,Nvidia,min,-0.2977139027,,0
2025-05-09,US Large Cap Stocks,Price move year-to-date,-0.03769703297,-3.80%,10
2025-05-09,US Large Cap Stocks,max,0.0446338855,,0
2025-05-09,US Large Cap Stocks,min,-0.1528249822,,0
2025-05-09,US dollar,Price move year-to-date,-0.05982324949,-6%,10
2025-05-09,US dollar,max,0.01461590755,,0
2025-05-09,US dollar,min,-0.08089734874,,0
2025-05-09,US Small Cap Stocks,Price move year-to-date,-0.0911929761,-9.10%,10
2025-05-09,US Small Cap Stocks,max,0.03996198407,,0
2025-05-09,US Small Cap Stocks,min,-0.2088160753,,0
2025-05-09,Tesla,Price move year-to-date,-0.2614401743,-26.10%,10
2025-05-09,Tesla,max,0.06037044374,,0
2025-05-09,Tesla,min,-0.4506240095,,0
2025-05-09,Crude Oil,Price move year-to-date,-0.1553262688,-15.50%,10
2025-05-09,Crude Oil,max,0.0974623536,,0
2025-05-09,Crude Oil,min,-0.2034300056,,0
2025-05-12,Gold,Price move year-to-date,0.2315285177,23.20%,10
2025-05-12,Gold,max,0.3033907405,,0
2025-05-12,Gold,min,0,,0
2025-05-12,European Stocks,Price move year-to-date,0.1698440208,17%,10
2025-05-12,European Stocks,max,0.170316685,,0
2025-05-12,European Stocks,min,-0.01165905152,,0
2025-05-12,China Large Cap Stocks,Price move year-to-date,0.1839684625,18.40%,10
2025-05-12,China Large Cap Stocks,max,0.2664257556,,0
2025-05-12,China Large Cap Stocks,min,-0.05880420499,,0
2025-05-12,Bitcoin,Price move year-to-date,0.1258913853,12.60%,10
2025-05-12,Bitcoin,max,0.1426293332,,0
2025-05-12,Bitcoin,min,-0.1881106989,,0
2025-05-12,Emerging Market Stocks,Price move year-to-date,0.09708273553,9.70%,10
2025-05-12,Emerging Market Stocks,max,0.09708273553,,0
2025-05-12,Emerging Market Stocks,min,-0.07890961263,,0
2025-05-12,US 10-year Bonds,Price move year-to-date,0.01406165495,1.40%,10
2025-05-12,US 10-year Bonds,max,0.04445646295,,0
2025-05-12,US 10-year Bonds,min,-0.0138453218,,0
2025-05-12,Nvidia,Price move year-to-date,-0.08407178494,-8.40%,10
2025-05-12,Nvidia,max,0.1127410827,,0
2025-05-12,Nvidia,min,-0.2977139027,,0
2025-05-12,US Large Cap Stocks,Price move year-to-date,-0.00636558233,-0.60%,10
2025-05-12,US Large Cap Stocks,max,0.0446338855,,0
2025-05-12,US Large Cap Stocks,min,-0.1528249822,,0
2025-05-12,US dollar,Price move year-to-date,-0.04656696125,-4.70%,10
2025-05-12,US dollar,max,0.01461590755,,0
2025-05-12,US dollar,min,-0.08089734874,,0
2025-05-12,US Small Cap Stocks,Price move year-to-date,-0.05924149167,-5.90%,10
2025-05-12,US Small Cap Stocks,max,0.03996198407,,0
2025-05-12,US Small Cap Stocks,min,-0.2088160753,,0
2025-05-12,Tesla,Price move year-to-date,-0.2116184628,-21.20%,10
2025-05-12,Tesla,max,0.06037044374,,0
2025-05-12,Tesla,min,-0.4506240095,,0
2025-05-12,Crude Oil,Price move year-to-date,-0.141662019,-14.20%,10
2025-05-12,Crude Oil,max,0.0974623536,,0
2025-05-12,Crude Oil,min,-0.2034300056,,0
2025-05-13,Gold,Price move year-to-date,0.236773634,23.70%,10
2025-05-13,Gold,max,0.3033907405,,0
2025-05-13,Gold,min,0,,0
2025-05-13,European Stocks,Price move year-to-date,0.1745706633,17.50%,10
2025-05-13,European Stocks,max,0.1745706633,,0
2025-05-13,European Stocks,min,-0.01165905152,,0
2025-05-13,China Large Cap Stocks,Price move year-to-date,0.1741130092,17.40%,10
2025-05-13,China Large Cap Stocks,max,0.2664257556,,0
2025-05-13,China Large Cap Stocks,min,-0.05880420499,,0
2025-05-13,Bitcoin,Price move year-to-date,0.101145461,10.10%,10
2025-05-13,Bitcoin,max,0.1426293332,,0
2025-05-13,Bitcoin,min,-0.1881106989,,0
2025-05-13,Emerging Market Stocks,Price move year-to-date,0.09899569584,9.90%,10
2025-05-13,Emerging Market Stocks,max,0.09899569584,,0
2025-05-13,Emerging Market Stocks,min,-0.07890961263,,0
2025-05-13,US 10-year Bonds,Price move year-to-date,0.01330448891,1.30%,10
2025-05-13,US 10-year Bonds,max,0.04445646295,,0
2025-05-13,US 10-year Bonds,min,-0.0138453218,,0
2025-05-13,Nvidia,Price move year-to-date,-0.03246704892,-3.20%,10
2025-05-13,Nvidia,max,0.1127410827,,0
2025-05-13,Nvidia,min,-0.2977139027,,0
2025-05-13,US Large Cap Stocks,Price move year-to-date,0.0008365028062,0.10%,10
2025-05-13,US Large Cap Stocks,max,0.0446338855,,0
2025-05-13,US Large Cap Stocks,min,-0.1528249822,,0
2025-05-13,US dollar,Price move year-to-date,-0.05472467709,-5.50%,10
2025-05-13,US dollar,max,0.01461590755,,0
2025-05-13,US dollar,min,-0.08089734874,,0
2025-05-13,US Small Cap Stocks,Price move year-to-date,-0.0558019551,-5.60%,10
2025-05-13,US Small Cap Stocks,max,0.03996198407,,0
2025-05-13,US Small Cap Stocks,min,-0.2088160753,,0
2025-05-13,Tesla,Price move year-to-date,-0.1727664422,-17.30%,10
2025-05-13,Tesla,max,0.06037044374,,0
2025-05-13,Tesla,min,-0.4506240095,,0
2025-05-13,Crude Oil,Price move year-to-date,-0.1180981595,-11.80%,10
2025-05-13,Crude Oil,max,0.0974623536,,0
2025-05-13,Crude Oil,min,-0.2034300056,,0
2025-05-14,Gold,Price move year-to-date,0.2107545533,21.10%,10
2025-05-14,Gold,max,0.3033907405,,0
2025-05-14,Gold,min,0,,0
2025-05-14,European Stocks,Price move year-to-date,0.1718922326,17.20%,10
2025-05-14,European Stocks,max,0.1745706633,,0
2025-05-14,European Stocks,min,-0.01165905152,,0
2025-05-14,China Large Cap Stocks,Price move year-to-date,0.1928383706,19.30%,10
2025-05-14,China Large Cap Stocks,max,0.2664257556,,0
2025-05-14,China Large Cap Stocks,min,-0.05880420499,,0
2025-05-14,Bitcoin,Price move year-to-date,0.1209900448,12.10%,10
2025-05-14,Bitcoin,max,0.1426293332,,0
2025-05-14,Bitcoin,min,-0.1881106989,,0
2025-05-14,Emerging Market Stocks,Price move year-to-date,0.1073648972,10.70%,10
2025-05-14,Emerging Market Stocks,max,0.1073648972,,0
2025-05-14,Emerging Market Stocks,min,-0.07890961263,,0
2025-05-14,US 10-year Bonds,Price move year-to-date,0.009518658734,1%,10
2025-05-14,US 10-year Bonds,max,0.04445646295,,0
2025-05-14,US 10-year Bonds,min,-0.0138453218,,0
2025-05-14,Nvidia,Price move year-to-date,0.007818899397,0.80%,10
2025-05-14,Nvidia,max,0.1127410827,,0
2025-05-14,Nvidia,min,-0.2977139027,,0
2025-05-14,US Large Cap Stocks,Price move year-to-date,0.001861728806,0.20%,10
2025-05-14,US Large Cap Stocks,max,0.0446338855,,0
2025-05-14,US Large Cap Stocks,min,-0.1528249822,,0
2025-05-14,US dollar,Price move year-to-date,-0.05268524813,-5.30%,10
2025-05-14,US dollar,max,0.01461590755,,0
2025-05-14,US dollar,min,-0.08089734874,,0
2025-05-14,US Small Cap Stocks,Price move year-to-date,-0.06417451122,-6.40%,10
2025-05-14,US Small Cap Stocks,max,0.03996198407,,0
2025-05-14,US Small Cap Stocks,min,-0.2088160753,,0
2025-05-14,Tesla,Price move year-to-date,-0.1390649762,-13.90%,10
2025-05-14,Tesla,max,0.06037044374,,0
2025-05-14,Tesla,min,-0.4506240095,,0
2025-05-14,Crude Oil,Price move year-to-date,-0.1260457334,-12.60%,10
2025-05-14,Crude Oil,max,0.0974623536,,0
2025-05-14,Crude Oil,min,-0.2034300056,,0
2025-05-15,Gold,Price move year-to-date,0.2300830133,23%,10
2025-05-15,Gold,max,0.3033907405,,0
2025-05-15,Gold,min,0,,0
2025-05-15,European Stocks,Price move year-to-date,0.1835512841,18.40%,10
2025-05-15,European Stocks,max,0.1835512841,,0
2025-05-15,European Stocks,min,-0.01165905152,,0
2025-05-15,China Large Cap Stocks,Price move year-to-date,0.1744415243,17.40%,10
2025-05-15,China Large Cap Stocks,max,0.2664257556,,0
2025-05-15,China Large Cap Stocks,min,-0.05880420499,,0
2025-05-15,Bitcoin,Price move year-to-date,0.1129896456,11.30%,10
2025-05-15,Bitcoin,max,0.1426293332,,0
2025-05-15,Bitcoin,min,-0.1881106989,,0
2025-05-15,Emerging Market Stocks,Price move year-to-date,0.1068866571,10.70%,10
2025-05-15,Emerging Market Stocks,max,0.1073648972,,0
2025-05-15,Emerging Market Stocks,min,-0.07890961263,,0
2025-05-15,US 10-year Bonds,Price move year-to-date,0.0161168199,1.60%,10
2025-05-15,US 10-year Bonds,max,0.04445646295,,0
2025-05-15,US 10-year Bonds,min,-0.0138453218,,0
2025-05-15,Nvidia,Price move year-to-date,0.004021148261,0.40%,10
2025-05-15,Nvidia,max,0.1127410827,,0
2025-05-15,Nvidia,min,-0.2977139027,,0
2025-05-15,US Large Cap Stocks,Price move year-to-date,0.006001737614,0.60%,10
2025-05-15,US Large Cap Stocks,max,0.0446338855,,0
2025-05-15,US Large Cap Stocks,min,-0.1528249822,,0
2025-05-15,US dollar,Price move year-to-date,-0.05506458192,-5.50%,10
2025-05-15,US dollar,max,0.01461590755,,0
2025-05-15,US dollar,min,-0.08089734874,,0
2025-05-15,US Small Cap Stocks,Price move year-to-date,-0.05806480811,-5.80%,10
2025-05-15,US Small Cap Stocks,max,0.03996198407,,0
2025-05-15,US Small Cap Stocks,min,-0.2088160753,,0
2025-05-15,Tesla,Price move year-to-date,-0.1510994453,-15.10%,10
2025-05-15,Tesla,max,0.06037044374,,0
2025-05-15,Tesla,min,-0.4506240095,,0
2025-05-15,Crude Oil,Price move year-to-date,-0.1473786949,-14.70%,10
2025-05-15,Crude Oil,max,0.0974623536,,0
2025-05-15,Crude Oil,min,-0.2034300056,,0
2025-05-16,Gold,Price move year-to-date,0.2152149672,21.50%,10
2025-05-16,Gold,max,0.3033907405,,0
2025-05-16,Gold,min,0,,0
2025-05-16,European Stocks,Price move year-to-date,0.1863872696,18.60%,10
2025-05-16,European Stocks,max,0.1863872696,,0
2025-05-16,European Stocks,min,-0.01165905152,,0
2025-05-16,China Large Cap Stocks,Price move year-to-date,0.1708278581,17.10%,10
2025-05-16,China Large Cap Stocks,max,0.2664257556,,0
2025-05-16,China Large Cap Stocks,min,-0.05880420499,,0
2025-05-16,Bitcoin,Price move year-to-date,0.1262918924,12.60%,10
2025-05-16,Bitcoin,max,0.1426293332,,0
2025-05-16,Bitcoin,min,-0.1881106989,,0
2025-05-16,Emerging Market Stocks,Price move year-to-date,0.106169297,10.60%,10
2025-05-16,Emerging Market Stocks,max,0.1073648972,,0
2025-05-16,Emerging Market Stocks,min,-0.07890961263,,0
2025-05-16,US 10-year Bonds,Price move year-to-date,0.01644131963,1.60%,10
2025-05-16,US 10-year Bonds,max,0.04445646295,,0
2025-05-16,US 10-year Bonds,min,-0.0138453218,,0
2025-05-16,Nvidia,Price move year-to-date,0.008265693648,0.80%,10
2025-05-16,Nvidia,max,0.1127410827,,0
2025-05-16,Nvidia,min,-0.2977139027,,0
2025-05-16,US Large Cap Stocks,Price move year-to-date,0.01304910373,1.30%,10
2025-05-16,US Large Cap Stocks,max,0.0446338855,,0
2025-05-16,US Large Cap Stocks,min,-0.1528249822,,0
2025-05-16,US dollar,Price move year-to-date,-0.0523453433,-5.20%,10
2025-05-16,US dollar,max,0.01461590755,,0
2025-05-16,US dollar,min,-0.08089734874,,0
2025-05-16,US Small Cap Stocks,Price move year-to-date,-0.05028059377,-5%,10
2025-05-16,US Small Cap Stocks,max,0.03996198407,,0
2025-05-16,US Small Cap Stocks,min,-0.2088160753,,0
2025-05-16,Tesla,Price move year-to-date,-0.1333696513,-13.30%,10
2025-05-16,Tesla,max,0.06037044374,,0
2025-05-16,Tesla,min,-0.4506240095,,0
2025-05-16,Crude Oil,Price move year-to-date,-0.135945343,-13.60%,10
2025-05-16,Crude Oil,max,0.0974623536,,0
2025-05-16,Crude Oil,min,-0.2034300056,,0
2025-05-19,Gold,Price move year-to-date,0.2308677157,23.10%,10
2025-05-19,Gold,max,0.3033907405,,0
2025-05-19,Gold,min,0,,0
2025-05-19,European Stocks,Price move year-to-date,0.2016700804,20.20%,10
2025-05-19,European Stocks,max,0.2016700804,,0
2025-05-19,European Stocks,min,-0.01165905152,,0
2025-05-19,China Large Cap Stocks,Price move year-to-date,0.1780551905,17.80%,10
2025-05-19,China Large Cap Stocks,max,0.2664257556,,0
2025-05-19,China Large Cap Stocks,min,-0.05880420499,,0
2025-05-19,Bitcoin,Price move year-to-date,0.1218549236,12.20%,10
2025-05-19,Bitcoin,max,0.1426293332,,0
2025-05-19,Bitcoin,min,-0.1881106989,,0
2025-05-19,Emerging Market Stocks,Price move year-to-date,0.1085604974,10.90%,10
2025-05-19,Emerging Market Stocks,max,0.1085604974,,0
2025-05-19,Emerging Market Stocks,min,-0.07890961263,,0
2025-05-19,US 10-year Bonds,Price move year-to-date,0.01590048675,1.60%,10
2025-05-19,US 10-year Bonds,max,0.04445646295,,0
2025-05-19,US 10-year Bonds,min,-0.0138453218,,0
2025-05-19,Nvidia,Price move year-to-date,0.009531610693,1%,10
2025-05-19,Nvidia,max,0.1127410827,,0
2025-05-19,Nvidia,min,-0.2977139027,,0
2025-05-19,US Large Cap Stocks,Price move year-to-date,0.01393661281,1.40%,10
2025-05-19,US Large Cap Stocks,max,0.0446338855,,0
2025-05-19,US Large Cap Stocks,min,-0.1528249822,,0
2025-05-19,US dollar,Price move year-to-date,-0.05880353501,-5.90%,10
2025-05-19,US dollar,max,0.01461590755,,0
2025-05-19,US dollar,min,-0.08089734874,,0
2025-05-19,US Small Cap Stocks,Price move year-to-date,-0.05426321506,-5.40%,10
2025-05-19,US Small Cap Stocks,max,0.03996198407,,0
2025-05-19,US Small Cap Stocks,min,-0.2088160753,,0
2025-05-19,Tesla,Price move year-to-date,-0.1529070919,-15.30%,10
2025-05-19,Tesla,max,0.06037044374,,0
2025-05-19,Tesla,min,-0.4506240095,,0
2025-05-19,Crude Oil,Price move year-to-date,-0.1335750139,-13.40%,10
2025-05-19,Crude Oil,max,0.0974623536,,0
2025-05-19,Crude Oil,min,-0.2034300056,,0
2025-05-20,Gold,Price move year-to-date,0.2537892867,25.40%,10
2025-05-20,Gold,max,0.3033907405,,0
2025-05-20,Gold,min,0,,0
2025-05-20,European Stocks,Price move year-to-date,0.2095478179,21%,10
2025-05-20,European Stocks,max,0.2095478179,,0
2025-05-20,European Stocks,min,-0.01165905152,,0
2025-05-20,China Large Cap Stocks,Price move year-to-date,0.191195795,19.10%,10
2025-05-20,China Large Cap Stocks,max,0.2664257556,,0
2025-05-20,China Large Cap Stocks,min,-0.05880420499,,0
2025-05-20,Bitcoin,Price move year-to-date,0.1442281141,14.40%,10
2025-05-20,Bitcoin,max,0.1442281141,,0
2025-05-20,Bitcoin,min,-0.1881106989,,0
2025-05-20,Emerging Market Stocks,Price move year-to-date,0.1073648972,10.70%,10
2025-05-20,Emerging Market Stocks,max,0.1085604974,,0
2025-05-20,Emerging Market Stocks,min,-0.07890961263,,0
2025-05-20,US 10-year Bonds,Price move year-to-date,0.01460248783,1.50%,10
2025-05-20,US 10-year Bonds,max,0.04445646295,,0
2025-05-20,US 10-year Bonds,min,-0.0138453218,,0
2025-05-20,Nvidia,Price move year-to-date,0.0006701913769,0.10%,10
2025-05-20,Nvidia,max,0.1127410827,,0
2025-05-20,Nvidia,min,-0.2977139027,,0
2025-05-20,US Large Cap Stocks,Price move year-to-date,0.01000232929,1%,10
2025-05-20,US Large Cap Stocks,max,0.0446338855,,0
2025-05-20,US Large Cap Stocks,min,-0.1528249822,,0
2025-05-20,US dollar,Price move year-to-date,-0.06152277362,-6.20%,10
2025-05-20,US dollar,max,0.01461590755,,0
2025-05-20,US dollar,min,-0.08089734874,,0
2025-05-20,US Small Cap Stocks,Price move year-to-date,-0.0537653874,-5.40%,10
2025-05-20,US Small Cap Stocks,max,0.03996198407,,0
2025-05-20,US Small Cap Stocks,min,-0.2088160753,,0
2025-05-20,Tesla,Price move year-to-date,-0.1486232171,-14.90%,10
2025-05-20,Tesla,max,0.06037044374,,0
2025-05-20,Tesla,min,-0.4506240095,,0
2025-05-20,Crude Oil,Price move year-to-date,-0.1351087563,-13.50%,10
2025-05-20,Crude Oil,max,0.0974623536,,0
2025-05-20,Crude Oil,min,-0.2034300056,,0
2025-05-21,Gold,Price move year-to-date,0.2630405154,26.30%,10
2025-05-21,Gold,max,0.3033907405,,0
2025-05-21,Gold,min,0,,0
2025-05-21,European Stocks,Price move year-to-date,0.2032456279,20.30%,10
2025-05-21,European Stocks,max,0.2095478179,,0
2025-05-21,European Stocks,min,-0.01165905152,,0
2025-05-21,China Large Cap Stocks,Price move year-to-date,0.1856110381,18.60%,10
2025-05-21,China Large Cap Stocks,max,0.2664257556,,0
2025-05-21,China Large Cap Stocks,min,-0.05880420499,,0
2025-05-21,Bitcoin,Price move year-to-date,0.1567033679,15.70%,10
2025-05-21,Bitcoin,max,0.1567033679,,0
2025-05-21,Bitcoin,min,-0.1881106989,,0
2025-05-21,Emerging Market Stocks,Price move year-to-date,0.1044954567,10.40%,10
2025-05-21,Emerging Market Stocks,max,0.1085604974,,0
2025-05-21,Emerging Market Stocks,min,-0.07890961263,,0
2025-05-21,US 10-year Bonds,Price move year-to-date,0.007571660357,0.80%,10
2025-05-21,US 10-year Bonds,max,0.04445646295,,0
2025-05-21,US 10-year Bonds,min,-0.0138453218,,0
2025-05-21,Nvidia,Price move year-to-date,-0.01854196143,-1.90%,10
2025-05-21,Nvidia,max,0.1127410827,,0
2025-05-21,Nvidia,min,-0.2977139027,,0
2025-05-21,US Large Cap Stocks,Price move year-to-date,-0.006294173554,-0.60%,10
2025-05-21,US Large Cap Stocks,max,0.0446338855,,0
2025-05-21,US Large Cap Stocks,min,-0.1528249822,,0
2025-05-21,US dollar,Price move year-to-date,-0.06560163154,-6.60%,10
2025-05-21,US dollar,max,0.01461590755,,0
2025-05-21,US dollar,min,-0.08089734874,,0
2025-05-21,US Small Cap Stocks,Price move year-to-date,-0.08033128168,-8%,10
2025-05-21,US Small Cap Stocks,max,0.03996198407,,0
2025-05-21,US Small Cap Stocks,min,-0.2088160753,,0
2025-05-21,Tesla,Price move year-to-date,-0.1714045166,-17.10%,10
2025-05-21,Tesla,max,0.06037044374,,0
2025-05-21,Tesla,min,-0.4506240095,,0
2025-05-21,Crude Oil,Price move year-to-date,-0.1415225878,-14.20%,10
2025-05-21,Crude Oil,max,0.0974623536,,0
2025-05-21,Crude Oil,min,-0.2034300056,,0
2025-05-22,Gold,Price move year-to-date,0.2518481807,25.20%,10
2025-05-22,Gold,max,0.3033907405,,0
2025-05-22,Gold,min,0,,0
2025-05-22,European Stocks,Price move year-to-date,0.2016700804,20.20%,10
2025-05-22,European Stocks,max,0.2095478179,,0
2025-05-22,European Stocks,min,-0.01165905152,,0
2025-05-22,China Large Cap Stocks,Price move year-to-date,0.1796977661,18%,10
2025-05-22,China Large Cap Stocks,max,0.2664257556,,0
2025-05-22,China Large Cap Stocks,min,-0.05880420499,,0
2025-05-22,Bitcoin,Price move year-to-date,0.2089002628,20.90%,10
2025-05-22,Bitcoin,max,0.2089002628,,0
2025-05-22,Bitcoin,min,-0.1881106989,,0
2025-05-22,Emerging Market Stocks,Price move year-to-date,0.1009086561,10.10%,10
2025-05-22,Emerging Market Stocks,max,0.1085604974,,0
2025-05-22,Emerging Market Stocks,min,-0.07890961263,,0
2025-05-22,US 10-year Bonds,Price move year-to-date,0.01135749054,1.10%,10
2025-05-22,US 10-year Bonds,max,0.04445646295,,0
2025-05-22,US 10-year Bonds,min,-0.0138453218,,0
2025-05-22,Nvidia,Price move year-to-date,-0.01854196143,-1.90%,10
2025-05-22,Nvidia,max,0.1127410827,,0
2025-05-22,Nvidia,min,-0.2977139027,,0
2025-05-22,US Large Cap Stocks,Price move year-to-date,-0.006736227882,-0.70%,10
2025-05-22,US Large Cap Stocks,max,0.0446338855,,0
2025-05-22,US Large Cap Stocks,min,-0.1528249822,,0
2025-05-22,US dollar,Price move year-to-date,-0.06288239293,-6.30%,10
2025-05-22,US dollar,max,0.01461590755,,0
2025-05-22,US dollar,min,-0.08089734874,,0
2025-05-22,US Small Cap Stocks,Price move year-to-date,-0.08037653874,-8%,10
2025-05-22,US Small Cap Stocks,max,0.03996198407,,0
2025-05-22,US Small Cap Stocks,min,-0.2088160753,,0
2025-05-22,Tesla,Price move year-to-date,-0.1714045166,-17.10%,10
2025-05-22,Tesla,max,0.06037044374,,0
2025-05-22,Tesla,min,-0.4506240095,,0
2025-05-22,Crude Oil,Price move year-to-date,-0.1466815393,-14.70%,10
2025-05-22,Crude Oil,max,0.0974623536,,0
2025-05-22,Crude Oil,min,-0.2034300056,,0
2025-05-23,Gold,Price move year-to-date,0.2792714657,27.90%,10
2025-05-23,Gold,max,0.3033907405,,0
2025-05-23,Gold,min,0,,0
2025-05-23,European Stocks,Price move year-to-date,0.1997794233,20%,10
2025-05-23,European Stocks,max,0.2095478179,,0
2025-05-23,European Stocks,min,-0.01165905152,,0
2025-05-23,China Large Cap Stocks,Price move year-to-date,0.1816688568,18.20%,10
2025-05-23,China Large Cap Stocks,max,0.2664257556,,0
2025-05-23,China Large Cap Stocks,min,-0.05880420499,,0
2025-05-23,Bitcoin,Price move year-to-date,0.2024791604,20.20%,10
2025-05-23,Bitcoin,max,0.2089002628,,0
2025-05-23,Bitcoin,min,-0.1881106989,,0
2025-05-23,Emerging Market Stocks,Price move year-to-date,0.1054519369,10.50%,10
2025-05-23,Emerging Market Stocks,max,0.1085604974,,0
2025-05-23,Emerging Market Stocks,min,-0.07890961263,,0
2025-05-23,US 10-year Bonds,Price move year-to-date,0.0142779881,1.40%,10
2025-05-23,US 10-year Bonds,max,0.04445646295,,0
2025-05-23,US 10-year Bonds,min,-0.0138453218,,0
2025-05-23,Nvidia,Price move year-to-date,-0.02233971256,-2.20%,10
2025-05-23,Nvidia,max,0.1127410827,,0
2025-05-23,Nvidia,min,-0.2977139027,,0
2025-05-23,US Large Cap Stocks,Price move year-to-date,-0.01339934678,-1.30%,10
2025-05-23,US Large Cap Stocks,max,0.0446338855,,0
2025-05-23,US Large Cap Stocks,min,-0.1528249822,,0
2025-05-23,US dollar,Price move year-to-date,-0.06968048946,-7%,10
2025-05-23,US dollar,max,0.01461590755,,0
2025-05-23,US dollar,min,-0.08089734874,,0
2025-05-23,US Small Cap Stocks,Price move year-to-date,-0.08327299059,-8.30%,10
2025-05-23,US Small Cap Stocks,max,0.03996198407,,0
2025-05-23,US Small Cap Stocks,min,-0.2088160753,,0
2025-05-23,Tesla,Price move year-to-date,-0.1597167195,-16%,10
2025-05-23,Tesla,max,0.06037044374,,0
2025-05-23,Tesla,min,-0.4506240095,,0
2025-05-23,Crude Oil,Price move year-to-date,-0.1420803123,-14.20%,10
2025-05-23,Crude Oil,max,0.0974623536,,0
2025-05-23,Crude Oil,min,-0.2034300056,,0
2025-05-27,Gold,Price move year-to-date,0.2575888985,25.80%,10
2025-05-27,Gold,max,0.3033907405,,0
2025-05-27,Gold,min,0,,0
2025-05-27,European Stocks,Price move year-to-date,0.2141169056,21.40%,10
2025-05-27,European Stocks,max,0.2141169056,,0
2025-05-27,European Stocks,min,-0.01165905152,,0
2025-05-27,China Large Cap Stocks,Price move year-to-date,0.1695137976,17%,10
2025-05-27,China Large Cap Stocks,max,0.2664257556,,0
2025-05-27,China Large Cap Stocks,min,-0.05880420499,,0
2025-05-27,Bitcoin,Price move year-to-date,0.1790884654,17.90%,10
2025-05-27,Bitcoin,max,0.2089002628,,0
2025-05-27,Bitcoin,min,-0.1881106989,,0
2025-05-27,Emerging Market Stocks,Price move year-to-date,0.1028216165,10.30%,10
2025-05-27,Emerging Market Stocks,max,0.1085604974,,0
2025-05-27,Emerging Market Stocks,min,-0.07890961263,,0
2025-05-27,US 10-year Bonds,Price move year-to-date,0.01849648459,1.80%,10
2025-05-27,US 10-year Bonds,max,0.04445646295,,0
2025-05-27,US 10-year Bonds,min,-0.0138453218,,0
2025-05-27,Nvidia,Price move year-to-date,0.009010350733,0.90%,10
2025-05-27,Nvidia,max,0.1127410827,,0
2025-05-27,Nvidia,min,-0.2977139027,,0
2025-05-27,US Large Cap Stocks,Price move year-to-date,0.006785533942,0.70%,10
2025-05-27,US Large Cap Stocks,max,0.0446338855,,0
2025-05-27,US Large Cap Stocks,min,-0.1528249822,,0
2025-05-27,US dollar,Price move year-to-date,-0.06458191706,-6.50%,10
2025-05-27,US dollar,max,0.01461590755,,0
2025-05-27,US dollar,min,-0.08089734874,,0
2025-05-27,US Small Cap Stocks,Price move year-to-date,-0.06001086169,-6%,10
2025-05-27,US Small Cap Stocks,max,0.03996198407,,0
2025-05-27,US Small Cap Stocks,min,-0.2088160753,,0
2025-05-27,Tesla,Price move year-to-date,-0.1014015452,-10.10%,10
2025-05-27,Tesla,max,0.06037044374,,0
2025-05-27,Tesla,min,-0.4506240095,,0
2025-05-27,Crude Oil,Price move year-to-date,-0.1510039041,-15.10%,10
2025-05-27,Crude Oil,max,0.0974623536,,0
2025-05-27,Crude Oil,min,-0.2034300056,,0
2025-05-28,Gold,Price move year-to-date,0.2547391897,25.50%,10
2025-05-28,Gold,max,0.3033907405,,0
2025-05-28,Gold,min,0,,0
2025-05-28,European Stocks,Price move year-to-date,0.2023002994,20.20%,10
2025-05-28,European Stocks,max,0.2141169056,,0
2025-05-28,European Stocks,min,-0.01165905152,,0
2025-05-28,China Large Cap Stocks,Price move year-to-date,0.1576872536,15.80%,10
2025-05-28,China Large Cap Stocks,max,0.2664257556,,0
2025-05-28,China Large Cap Stocks,min,-0.05880420499,,0
2025-05-28,Bitcoin,Price move year-to-date,0.1785418274,17.90%,10
2025-05-28,Bitcoin,max,0.2089002628,,0
2025-05-28,Bitcoin,min,-0.1881106989,,0
2025-05-28,Emerging Market Stocks,Price move year-to-date,0.1028216165,10.30%,10
2025-05-28,Emerging Market Stocks,max,0.1085604974,,0
2025-05-28,Emerging Market Stocks,min,-0.07890961263,,0
2025-05-28,US 10-year Bonds,Price move year-to-date,0.01849648459,1.80%,10
2025-05-28,US 10-year Bonds,max,0.04445646295,,0
2025-05-28,US 10-year Bonds,min,-0.0138453218,,0
2025-05-28,Nvidia,Price move year-to-date,0.009010350733,0.90%,10
2025-05-28,Nvidia,max,0.1127410827,,0
2025-05-28,Nvidia,min,-0.2977139027,,0
2025-05-28,US Large Cap Stocks,Price move year-to-date,0.005192438151,0.50%,10
2025-05-28,US Large Cap Stocks,max,0.0446338855,,0
2025-05-28,US Large Cap Stocks,min,-0.1528249822,,0
2025-05-28,US dollar,Price move year-to-date,-0.06152277362,-6.20%,10
2025-05-28,US dollar,max,0.01461590755,,0
2025-05-28,US dollar,min,-0.08089734874,,0
2025-05-28,US Small Cap Stocks,Price move year-to-date,-0.06983164374,-7%,10
2025-05-28,US Small Cap Stocks,max,0.03996198407,,0
2025-05-28,US Small Cap Stocks,min,-0.2088160753,,0
2025-05-28,Tesla,Price move year-to-date,-0.1014015452,-10.10%,10
2025-05-28,Tesla,max,0.06037044374,,0
2025-05-28,Tesla,min,-0.4506240095,,0
2025-05-28,Crude Oil,Price move year-to-date,-0.1377579476,-13.80%,10
2025-05-28,Crude Oil,max,0.0974623536,,0
2025-05-28,Crude Oil,min,-0.2034300056,,0
2025-05-29,Gold,Price move year-to-date,0.2621732127,26.20%,10
2025-05-29,Gold,max,0.3033907405,,0
2025-05-29,Gold,min,0,,0
2025-05-29,European Stocks,Price move year-to-date,0.2084449346,20.80%,10
2025-05-29,European Stocks,max,0.2141169056,,0
2025-05-29,European Stocks,min,-0.01165905152,,0
2025-05-29,China Large Cap Stocks,Price move year-to-date,0.1701708279,17%,10
2025-05-29,China Large Cap Stocks,max,0.2664257556,,0
2025-05-29,China Large Cap Stocks,min,-0.05880420499,,0
2025-05-29,Bitcoin,Price move year-to-date,0.169517429,17%,10
2025-05-29,Bitcoin,max,0.2089002628,,0
2025-05-29,Bitcoin,min,-0.1881106989,,0
2025-05-29,Emerging Market Stocks,Price move year-to-date,0.1018651363,10.20%,10
2025-05-29,Emerging Market Stocks,max,0.1085604974,,0
2025-05-29,Emerging Market Stocks,min,-0.07890961263,,0
2025-05-29,US 10-year Bonds,Price move year-to-date,0.01990265008,2%,10
2025-05-29,US 10-year Bonds,max,0.04445646295,,0
2025-05-29,US 10-year Bonds,min,-0.0138453218,,0
2025-05-29,Nvidia,Price move year-to-date,0.03648819719,3.60%,10
2025-05-29,Nvidia,max,0.1127410827,,0
2025-05-29,Nvidia,min,-0.2977139027,,0
2025-05-29,US Large Cap Stocks,Price move year-to-date,0.005192438151,0.50%,10
2025-05-29,US Large Cap Stocks,max,0.0446338855,,0
2025-05-29,US Large Cap Stocks,min,-0.1528249822,,0
2025-05-29,US dollar,Price move year-to-date,-0.06662134602,-6.70%,10
2025-05-29,US dollar,max,0.01461590755,,0
2025-05-29,US dollar,min,-0.08089734874,,0
2025-05-29,US Small Cap Stocks,Price move year-to-date,-0.06716147719,-6.70%,10
2025-05-29,US Small Cap Stocks,max,0.03996198407,,0
2025-05-29,US Small Cap Stocks,min,-0.2088160753,,0
2025-05-29,Tesla,Price move year-to-date,-0.112445523,-11.20%,10
2025-05-29,Tesla,max,0.06037044374,,0
2025-05-29,Tesla,min,-0.4506240095,,0
2025-05-29,Crude Oil,Price move year-to-date,-0.1503067485,-15%,10
2025-05-29,Crude Oil,max,0.0974623536,,0
2025-05-29,Crude Oil,min,-0.2034300056,,0
2025-05-30,Gold,Price move year-to-date,0.253871887,25.40%,10
2025-05-30,Gold,max,0.3033907405,,0
2025-05-30,Gold,min,0,,0
2025-05-30,European Stocks,Price move year-to-date,0.2093902631,20.90%,10
2025-05-30,European Stocks,max,0.2141169056,,0
2025-05-30,European Stocks,min,-0.01165905152,,0
2025-05-30,China Large Cap Stocks,Price move year-to-date,0.1498028909,15%,10
2025-05-30,China Large Cap Stocks,max,0.2664257556,,0
2025-05-30,China Large Cap Stocks,min,-0.05880420499,,0
2025-05-30,Bitcoin,Price move year-to-date,0.1476324241,14.80%,10
2025-05-30,Bitcoin,max,0.2089002628,,0
2025-05-30,Bitcoin,min,-0.1881106989,,0
2025-05-30,Emerging Market Stocks,Price move year-to-date,0.08847441416,8.80%,10
2025-05-30,Emerging Market Stocks,max,0.1085604974,,0
2025-05-30,Emerging Market Stocks,min,-0.07890961263,,0
2025-05-30,US 10-year Bonds,Price move year-to-date,0.02293131422,2.30%,10
2025-05-30,US 10-year Bonds,max,0.04445646295,,0
2025-05-30,US 10-year Bonds,min,-0.0138453218,,0
2025-05-30,Nvidia,Price move year-to-date,0.006255119517,0.60%,10
2025-05-30,Nvidia,max,0.1127410827,,0
2025-05-30,Nvidia,min,-0.2977139027,,0
2025-05-30,US Large Cap Stocks,Price move year-to-date,0.005110828121,0.50%,10
2025-05-30,US Large Cap Stocks,max,0.0446338855,,0
2025-05-30,US Large Cap Stocks,min,-0.1528249822,,0
2025-05-30,US dollar,Price move year-to-date,-0.06696125085,-6.70%,10
2025-05-30,US dollar,max,0.01461590755,,0
2025-05-30,US dollar,min,-0.08089734874,,0
2025-05-30,US Small Cap Stocks,Price move year-to-date,-0.0719134685,-7.20%,10
2025-05-30,US Small Cap Stocks,max,0.03996198407,,0
2025-05-30,US Small Cap Stocks,min,-0.2088160753,,0
2025-05-30,Tesla,Price move year-to-date,-0.1420859746,-14.20%,10
2025-05-30,Tesla,max,0.06037044374,,0
2025-05-30,Tesla,min,-0.4506240095,,0
2025-05-30,Crude Oil,Price move year-to-date,-0.1523982153,-15.20%,10
2025-05-30,Crude Oil,max,0.0974623536,,0
2025-05-30,Crude Oil,min,-0.2034300056,,0